{
  "version": 2,
  "material_name": "AlScN (8-16 states)",
  "num_levels": 16,
  "calibrations": {
    "300": {
      "temperature_k": 300,
      "calibration_up": [
        0,
        135051528.71332487,
        142700464.85284063,
        196003988.57509097,
        236638961.81626838,
        277273935.05744576,
        317908908.2986232,
        358543881.5398006,
        399178854.78097796,
        439813828.0221554,
        480448801.26333284,
        521083774.5045102,
        602353720.986865,
        683623667.4692198,
        724258640.7103972,
        731907576.849913
      ],
      "calibration_down": [
        -731907576.849913,
        -724258640.7103972,
        -683623667.4692198,
        -602353720.986865,
        -521083774.5045102,
        -480448801.26333284,
        -439813828.0221554,
        -399178854.78097796,
        -358543881.5398006,
        -317908908.2986232,
        -277273935.05744576,
        -196003988.57509097,
        -155369015.33391356,
        -142700464.85284063,
        -135051528.71332487,
        0
      ],
      "calib_up_low": [
        114734042.09273618,
        114734042.09273618,
        114734042.09273618,
        114734042.09273618,
        114734042.09273618,
        114734042.09273618,
        114734042.09273618,
        114734042.09273618,
        114734042.09273618,
        114734042.09273618,
        114734042.09273618,
        114734042.09273618,
        114734042.09273618,
        114734042.09273618,
        114734042.09273618,
        114734042.09273618
      ],
      "calib_up_high": [
        764893613.9515746,
        764893613.9515746,
        764893613.9515746,
        764893613.9515746,
        764893613.9515746,
        764893613.9515746,
        764893613.9515746,
        764893613.9515746,
        764893613.9515746,
        764893613.9515746,
        764893613.9515746,
        764893613.9515746,
        764893613.9515746,
        764893613.9515746,
        764893613.9515746,
        764893613.9515746
      ],
      "calib_down_low": [
        -764893613.9515746,
        -764893613.9515746,
        -764893613.9515746,
        -764893613.9515746,
        -764893613.9515746,
        -764893613.9515746,
        -764893613.9515746,
        -764893613.9515746,
        -764893613.9515746,
        -764893613.9515746,
        -764893613.9515746,
        -764893613.9515746,
        -764893613.9515746,
        -764893613.9515746,
        -764893613.9515746,
        -764893613.9515746
      ],
      "calib_down_high": [
        -114734042.09273618,
        -114734042.09273618,
        -114734042.09273618,
        -114734042.09273618,
        -114734042.09273618,
        -114734042.09273618,
        -114734042.09273618,
        -114734042.09273618,
        -114734042.09273618,
        -114734042.09273618,
        -114734042.09273618,
        -114734042.09273618,
        -114734042.09273618,
        -114734042.09273618,
        -114734042.09273618,
        -114734042.09273618
      ],
      "last_error_up": [
        0,
        0,
        0,
        0,
        0,
        0,
        0,
        0,
        0,
        0,
        0,
        0,
        0,
        0,
        0,
        0
      ],
      "last_error_down": [
        0,
        0,
        0,
        0,
        0,
        0,
        0,
        1,
        0,
        0,
        0,
        0,
        0,
        0,
        0,
        0
      ],
      "relax_comp_up": [
        0,
        0,
        0,
        0,
        0,
        0,
        0,
        0,
        0,
        0,
        0,
        0,
        0,
        0,
        0,
        0
      ],
      "relax_comp_down": [
        0,
        0,
        0,
        0,
        0,
        0,
        0,
        0,
        0,
        0,
        0,
        0,
        0,
        0,
        0,
        0
      ]
    }
  },
  "saved_at": "2026-01-30T09:56:54-06:00"
}