{
  "version": 2,
  "material_name": "AlScN (8-16 states)",
  "num_levels": 16,
  "calibrations": {
    "300": {
      "temperature_k": 300,
      "calibration_up": [
        0,
        236638961.81626838,
        256956448.43685707,
        277273935.05744576,
        317908908.2986232,
        338226394.91921186,
        358543881.5398006,
        366192817.67931634,
        399178854.78097796,
        419496341.4015667,
        439813828.0221554,
        447462764.16167116,
        460131314.6427441,
        521083774.5045102,
        541401261.125099,
        602353720.986865
      ],
      "calibration_down": [
        -602353720.986865,
        -541401261.125099,
        -521083774.5045102,
        -480448801.26333284,
        -460131314.6427441,
        -439813828.0221554,
        -419496341.4015667,
        -399178854.78097796,
        -366192817.67931634,
        -358543881.5398006,
        -338226394.91921186,
        -317908908.2986232,
        -277273935.05744576,
        -256956448.43685707,
        -236638961.81626838,
        0
      ],
      "calib_up_low": [
        114734042.09273618,
        114734042.09273618,
        114734042.09273618,
        114734042.09273618,
        114734042.09273618,
        114734042.09273618,
        114734042.09273618,
        114734042.09273618,
        114734042.09273618,
        114734042.09273618,
        114734042.09273618,
        114734042.09273618,
        114734042.09273618,
        114734042.09273618,
        114734042.09273618,
        114734042.09273618
      ],
      "calib_up_high": [
        764893613.9515746,
        764893613.9515746,
        764893613.9515746,
        764893613.9515746,
        764893613.9515746,
        764893613.9515746,
        764893613.9515746,
        764893613.9515746,
        764893613.9515746,
        764893613.9515746,
        764893613.9515746,
        764893613.9515746,
        764893613.9515746,
        764893613.9515746,
        764893613.9515746,
        764893613.9515746
      ],
      "calib_down_low": [
        -764893613.9515746,
        -764893613.9515746,
        -764893613.9515746,
        -764893613.9515746,
        -764893613.9515746,
        -764893613.9515746,
        -764893613.9515746,
        -764893613.9515746,
        -764893613.9515746,
        -764893613.9515746,
        -764893613.9515746,
        -764893613.9515746,
        -764893613.9515746,
        -764893613.9515746,
        -764893613.9515746,
        -764893613.9515746
      ],
      "calib_down_high": [
        -114734042.09273618,
        -114734042.09273618,
        -114734042.09273618,
        -114734042.09273618,
        -114734042.09273618,
        -114734042.09273618,
        -114734042.09273618,
        -114734042.09273618,
        -114734042.09273618,
        -114734042.09273618,
        -114734042.09273618,
        -114734042.09273618,
        -114734042.09273618,
        -114734042.09273618,
        -114734042.09273618,
        -114734042.09273618
      ],
      "last_error_up": [
        0,
        0,
        0,
        0,
        0,
        0,
        0,
        0,
        0,
        0,
        0,
        0,
        0,
        0,
        0,
        0
      ],
      "last_error_down": [
        0,
        0,
        0,
        0,
        0,
        0,
        0,
        0,
        0,
        0,
        0,
        0,
        0,
        0,
        0,
        0
      ],
      "relax_comp_up": [
        0,
        0,
        0,
        0,
        0,
        0,
        0,
        0,
        0,
        0,
        0,
        0,
        0,
        0,
        0,
        0
      ],
      "relax_comp_down": [
        0,
        0,
        0,
        0,
        0,
        0,
        0,
        0,
        0,
        0,
        0,
        0,
        0,
        0,
        0,
        0
      ]
    }
  },
  "saved_at": "2026-01-31T15:26:01-06:00"
}