{
  "version": 2,
  "material_name": "AlScN (8-16 states)",
  "num_levels": 16,
  "calibrations": {
    "300": {
      "temperature_k": 300,
      "calibration_up": [
        0,
        117273727.92030977,
        135051528.71332487,
        196003988.57509097,
        236638961.81626838,
        277273935.05744576,
        317908908.2986232,
        358543881.5398006,
        399178854.78097796,
        439813828.0221554,
        480448801.26333284,
        521083774.5045102,
        602353720.986865,
        683623667.4692198,
        724258640.7103972,
        762353928.124001
      ],
      "calibration_down": [
        -762353928.124001,
        -724258640.7103972,
        -683623667.4692198,
        -602353720.986865,
        -521083774.5045102,
        -480448801.26333284,
        -439813828.0221554,
        -399178854.78097796,
        -358543881.5398006,
        -317908908.2986232,
        -277273935.05744576,
        -236638961.81626838,
        -196003988.57509097,
        -135051528.71332487,
        -117273727.92030977,
        0
      ],
      "calib_up_low": [
        114734042.09273618,
        114734042.09273618,
        114734042.09273618,
        114734042.09273618,
        196003988.57509097,
        114734042.09273618,
        277273935.05744576,
        277273935.05744576,
        358543881.5398006,
        114734042.09273618,
        439813828.0221554,
        439813828.0221554,
        439813828.0221554,
        602353720.986865,
        683623667.4692198,
        762353928.124001
      ],
      "calib_up_high": [
        764893613.9515746,
        117273727.92030977,
        155369015.33391356,
        277273935.05744576,
        277273935.05744576,
        439813828.0221554,
        358543881.5398006,
        439813828.0221554,
        439813828.0221554,
        764893613.9515746,
        521083774.5045102,
        602353720.986865,
        764893613.9515746,
        764893613.9515746,
        764893613.9515746,
        764893613.9515746
      ],
      "calib_down_low": [
        -764893613.9515746,
        -764893613.9515746,
        -764893613.9515746,
        -764893613.9515746,
        -602353720.986865,
        -521083774.5045102,
        -764893613.9515746,
        -439813828.0221554,
        -439813828.0221554,
        -358543881.5398006,
        -439813828.0221554,
        -277273935.05744576,
        -277273935.05744576,
        -155369015.33391356,
        -117273727.92030977,
        -764893613.9515746
      ],
      "calib_down_high": [
        -762353928.124001,
        -683623667.4692198,
        -602353720.986865,
        -439813828.0221554,
        -439813828.0221554,
        -439813828.0221554,
        -114734042.09273618,
        -358543881.5398006,
        -277273935.05744576,
        -277273935.05744576,
        -114734042.09273618,
        -196003988.57509097,
        -114734042.09273618,
        -114734042.09273618,
        -114734042.09273618,
        -114734042.09273618
      ],
      "last_error_up": [
        0,
        0,
        0,
        0,
        0,
        0,
        0,
        0,
        0,
        0,
        0,
        0,
        0,
        0,
        0,
        0
      ],
      "last_error_down": [
        0,
        0,
        0,
        0,
        0,
        0,
        0,
        0,
        0,
        0,
        0,
        0,
        0,
        0,
        0,
        0
      ],
      "relax_comp_up": [
        0,
        0.012444444444444445,
        0.023111111111111114,
        0.03200000000000001,
        0.03911111111111112,
        0.044444444444444446,
        0.04800000000000001,
        0.04977777777777778,
        0.04977777777777778,
        0.048,
        0.044444444444444446,
        0.03911111111111112,
        0.032,
        0.023111111111111107,
        0.012444444444444442,
        0
      ],
      "relax_comp_down": [
        0,
        0.012444444444444445,
        0.023111111111111114,
        0.03200000000000001,
        0.03911111111111112,
        0.044444444444444446,
        0.04800000000000001,
        0.04977777777777778,
        0.04977777777777778,
        0.048,
        0.044444444444444446,
        0.03911111111111112,
        0.032,
        0.023111111111111107,
        0.012444444444444442,
        0
      ]
    }
  },
  "saved_at": "2026-01-29T10:39:53-06:00"
}
