{
  "version": 2,
  "material_name": "Cryogenic HZO",
  "num_levels": 48,
  "calibrations": {
    "300": {
      "temperature_k": 300,
      "calibration_up": [
        0,
        35182118.376092926,
        35182118.376092926,
        35182118.376092926,
        35182118.376092926,
        35182118.376092926,
        35182118.376092926,
        39753552.86572538,
        47372610.348446146,
        51944044.8380786,
        59563102.320799366,
        64134536.81043182,
        68705971.30006428,
        73277405.78969674,
        77848840.2793292,
        82420274.76896165,
        86991709.25859411,
        91563143.74822657,
        93086955.24477072,
        97658389.73440318,
        102229824.22403564,
        105277447.21712394,
        109848881.7067564,
        114420316.19638886,
        115944127.69293301,
        120515562.18256547,
        125086996.67219792,
        128134619.66528623,
        132706054.15491867,
        137277488.6445511,
        138801300.14109528,
        144896546.1272719,
        149467980.61690432,
        154039415.1065368,
        158610849.59616923,
        163182284.08580172,
        167753718.57543415,
        172325153.06506664,
        178420399.05124325,
        182991833.54087567,
        190610891.02359647,
        196706137.00977308,
        205849005.989038,
        214991874.9683029,
        227182366.94065613,
        228706178.43720025,
        228706178.43720025,
        228706178.43720025
      ],
      "calibration_down": [
        -228706178.43720025,
        -228706178.43720025,
        -228706178.43720025,
        -224134743.94756782,
        -210420440.47867042,
        -201277571.4994055,
        -192134702.5201406,
        -186039456.53396398,
        -178420399.05124325,
        -172325153.06506664,
        -167753718.57543415,
        -160134661.09271342,
        -155563226.60308093,
        -150991792.1134485,
        -144896546.1272719,
        -138801300.14109528,
        -134229865.6514628,
        -129658431.16183038,
        -125086996.67219792,
        -120515562.18256547,
        -115944127.69293301,
        -111372693.20330055,
        -106801258.7136681,
        -102229824.22403564,
        -96134578.23785903,
        -91563143.74822657,
        -86991709.25859411,
        -82420274.76896165,
        -74801217.28624089,
        -70229782.79660843,
        -64134536.81043182,
        -59563102.320799366,
        -51944044.8380786,
        -44324987.35535784,
        -35182118.376092926,
        -35182118.376092926,
        -35182118.376092926,
        -35182118.376092926,
        -35182118.376092926,
        -35182118.376092926,
        -35182118.376092926,
        -35182118.376092926,
        -35182118.376092926,
        -35182118.376092926,
        -35182118.376092926,
        -35182118.376092926,
        -35182118.376092926,
        0
      ],
      "calib_up_low": [
        34420212.62782085,
        34420212.62782085,
        34420212.62782085,
        34420212.62782085,
        34420212.62782085,
        34420212.62782085,
        34420212.62782085,
        39753552.86572538,
        46610704.60017407,
        51182139.08980653,
        58801196.57252729,
        63372631.06215975,
        67944065.5517922,
        72515500.04142466,
        77086934.53105712,
        81658369.02068958,
        86229803.51032203,
        90801237.99995449,
        93086955.24477072,
        97658389.73440318,
        102229824.22403564,
        104515541.46885186,
        109086975.95848432,
        113658410.44811678,
        115944127.69293301,
        120515562.18256547,
        125086996.67219792,
        127372713.91701415,
        131944148.4066466,
        136515582.89627904,
        138801300.14109528,
        144134640.3789998,
        148706074.86863226,
        153277509.3582647,
        157848943.84789717,
        162420378.33752963,
        166991812.8271621,
        171563247.31679454,
        178420399.05124325,
        182991833.54087567,
        189848985.27532437,
        196706137.00977308,
        205849005.989038,
        214991874.9683029,
        226420461.19238403,
        228706178.43720025,
        228706178.43720025,
        228706178.43720025
      ],
      "calib_up_high": [
        229468084.18547234,
        35182118.376092926,
        35182118.376092926,
        35182118.376092926,
        35182118.376092926,
        35182118.376092926,
        35182118.376092926,
        40515458.61399746,
        47372610.348446146,
        51944044.8380786,
        59563102.320799366,
        64134536.81043182,
        68705971.30006428,
        73277405.78969674,
        77848840.2793292,
        82420274.76896165,
        86991709.25859411,
        91563143.74822657,
        93848860.9930428,
        98420295.48267525,
        102991729.97230771,
        105277447.21712394,
        109848881.7067564,
        114420316.19638886,
        116706033.44120508,
        121277467.93083754,
        125848902.42047,
        128134619.66528623,
        132706054.15491867,
        137277488.6445511,
        139563205.88936734,
        144896546.1272719,
        149467980.61690432,
        154039415.1065368,
        158610849.59616923,
        163182284.08580172,
        167753718.57543415,
        172325153.06506664,
        179182304.7995153,
        183753739.28914776,
        190610891.02359647,
        197468042.75804514,
        206610911.73731005,
        215753780.71657497,
        227182366.94065613,
        229468084.18547234,
        229468084.18547234,
        229468084.18547234
      ],
      "calib_down_low": [
        -229468084.18547234,
        -229468084.18547234,
        -229468084.18547234,
        -224896649.69583988,
        -211182346.2269425,
        -202039477.2476776,
        -192896608.26841268,
        -186039456.53396398,
        -179182304.7995153,
        -172325153.06506664,
        -167753718.57543415,
        -160896566.84098548,
        -156325132.35135302,
        -151753697.86172056,
        -144896546.1272719,
        -139563205.88936734,
        -134991771.39973488,
        -130420336.91010246,
        -125848902.42047,
        -121277467.93083754,
        -116706033.44120508,
        -112134598.95157263,
        -107563164.46194017,
        -102991729.97230771,
        -96134578.23785903,
        -91563143.74822657,
        -86991709.25859411,
        -82420274.76896165,
        -75563123.03451297,
        -70991688.54488051,
        -64134536.81043182,
        -59563102.320799366,
        -51944044.8380786,
        -45086893.10362992,
        -35944024.124365,
        -35182118.376092926,
        -35182118.376092926,
        -35182118.376092926,
        -35182118.376092926,
        -35182118.376092926,
        -35182118.376092926,
        -35182118.376092926,
        -35182118.376092926,
        -35182118.376092926,
        -35182118.376092926,
        -35182118.376092926,
        -35182118.376092926,
        -229468084.18547234
      ],