{
  "version": 2,
  "material_name": "Cryogenic HZO",
  "num_levels": 48,
  "calibrations": {
    "300": {
      "temperature_k": 300,
      "calibration_up": [
        0,
        35182118.376092926,
        37476799.21794765,
        39771480.05980237,
        42066160.90165709,
        44360841.74351181,
        46655522.58536653,
        48950203.42722125,
        51244884.269075975,
        53539565.110930696,
        58801196.57252729,
        64896442.5587039,
        67944065.5517922,
        70991688.54488051,
        77086934.53105712,
        83182180.51723373,
        86229803.51032203,
        89277426.50341034,
        95372672.48958695,
        98420295.48267525,
        101467918.47576356,
        107563164.46194017,
        110610787.45502847,
        113658410.44811678,
        116706033.44120508,
        119753656.43429339,
        125848902.42047,
        128896525.4135583,
        131944148.4066466,
        138039394.3928232,
        141087017.3859115,
        144134640.3789998,
        150229886.3651764,
        153277509.3582647,
        156325132.35135302,
        162420378.33752963,
        168515624.32370624,
        174610870.30988285,
        177658493.30297115,
        180706116.29605946,
        192896608.26841268,
        198991854.2545893,
        205087100.2407659,
        217277592.21311912,
        223372838.19929573,
        228706178.43720025,
        231000859.27905497,
        233295540.1209097
      ],
      "calibration_down": [
        -233295540.1209097,
        -231000859.27905497,
        -228706178.43720025,
        -223372838.19929573,
        -217277592.21311912,
        -205087100.2407659,
        -198991854.2545893,
        -192896608.26841268,
        -186801362.28223607,
        -180706116.29605946,
        -174610870.30988285,
        -168515624.32370624,
        -162420378.33752963,
        -156325132.35135302,
        -153277509.3582647,
        -150229886.3651764,
        -144134640.3789998,
        -141087017.3859115,
        -138039394.3928232,
        -131944148.4066466,
        -128896525.4135583,
        -125848902.42047,
        -119753656.43429339,
        -116706033.44120508,
        -113658410.44811678,
        -107563164.46194017,
        -104515541.46885186,
        -101467918.47576356,
        -95372672.48958695,
        -92325049.49649864,
        -89277426.50341034,
        -83182180.51723373,
        -80134557.52414542,
        -77086934.53105712,
        -70991688.54488051,
        -64896442.5587039,
        -61848819.565615594,
        -58801196.57252729,
        -53539565.110930696,
        -51244884.269075975,
        -48950203.42722125,
        -46655522.58536653,
        -44360841.74351181,
        -42066160.90165709,
        -39771480.05980237,
        -37476799.21794765,
        -35182118.376092926,
        0
      ],
      "calib_up_low": [
        34420212.62782085,
        34420212.62782085,
        34420212.62782085,
        34420212.62782085,
        34420212.62782085,
        34420212.62782085,
        34420212.62782085,
        34420212.62782085,
        34420212.62782085,
        46610704.60017407,
        34420212.62782085,
        58801196.57252729,
        64896442.5587039,
        58801196.57252729,
        70991688.54488051,
        34420212.62782085,
        83182180.51723373,
        83182180.51723373,
        83182180.51723373,
        95372672.48958695,
        95372672.48958695,
        83182180.51723373,
        107563164.46194017,
        107563164.46194017,
        113658410.44811678,
        107563164.46194017,
        119753656.43429339,
        125848902.42047,
        34420212.62782085,
        131944148.4066466,
        138039394.3928232,
        131944148.4066466,
        144134640.3789998,
        150229886.3651764,
        131944148.4066466,
        156325132.35135302,
        156325132.35135302,
        168515624.32370624,
        174610870.30988285,
        131944148.4066466,
        180706116.29605946,
        192896608.26841268,
        180706116.29605946,
        205087100.2407659,
        217277592.21311912,
        228706178.43720025,
        228706178.43720025,
        228706178.43720025
      ],
      "calib_up_high": [
        229468084.18547234,
        35182118.376092926,
        35182118.376092926,
        35182118.376092926,
        35182118.376092926,
        35182118.376092926,
        37467835.620909154,
        46610704.60017407,
        58801196.57252729,
        58801196.57252729,
        83182180.51723373,
        70991688.54488051,
        70991688.54488051,
        83182180.51723373,
        83182180.51723373,
        131944148.4066466,
        89277426.50341034,
        95372672.48958695,
        107563164.46194017,
        101467918.47576356,
        107563164.46194017,
        131944148.4066466,
        113658410.44811678,
        119753656.43429339,
        119753656.43429339,
        131944148.4066466,
        131944148.4066466,
        131944148.4066466,
        229468084.18547234,
        144134640.3789998,
        144134640.3789998,
        156325132.35135302,
        156325132.35135302,
        156325132.35135302,
        180706116.29605946,
        168515624.32370624,
        180706116.29605946,
        180706116.29605946,
        180706116.29605946,
        229468084.18547234,
        205087100.2407659,
        205087100.2407659,
        229468084.18547234,
        229468084.18547234,
        229468084.18547234,
        229468084.18547234,
        229468084.18547234,
        229468084.18547234
      ],
      "calib_down_low": [
        -229468084.18547234,
        -229468084.18547234,
        -229468084.18547234,
        -229468084.18547234,
        -229468084.18547234,
        -229468084.18547234,
        -205087100.2407659,
        -205087100.2407659,
        -192896608.26841268,
        -229468084.18547234,
        -180706116.29605946,
        -180706116.29605946,
        -168515624.32370624,
        -180706116.29605946,
        -156325132.35135302,
        -156325132.35135302,
        -156325132.35135302,
        -144134640.3789998,
        -144134640.3789998,
        -229468084.18547234,
        -131944148.4066466,
        -131944148.4066466,
        -131944148.4066466,
        -119753656.43429339,
        -119753656.43429339,
        -131944148.4066466,
        -107563164.46194017,
        -107563164.46194017,
        -107563164.46194017,
        -95372672.48958695,
        -95372672.48958695,
        -131944148.4066466,
        -83182180.51723373,
        -83182180.51723373,
        -83182180.51723373,
        -70991688.54488051,
        -64896442.5587039,
        -83182180.51723373,
        -58801196.57252729,
        -58801196.57252729,
        -46610704.60017407,
        -35182118.376092926,
        -35182118.376092926,
        -35182118.376092926,
        -35182118.376092926,
        -35182118.376092926,
        -35182118.376092926,
        -229468084.18547234
      ],