{
  "version": 2,
  "material_name": "FeCIM HZO (TARGET)",
  "num_levels": 30,
  "calibrations": {
    "300": {
      "temperature_k": 300,
      "calibration_up": [
        0,
        23454745.584061954,
        23454745.584061954,
        23454745.584061954,
        25486494.246120825,
        31581740.232297435,
        37676986.218474045,
        43772232.204650655,
        48851603.85979783,
        52915101.18391557,
        57994472.83906274,
        62057970.163180485,
        67137341.81832767,
        70184964.81141597,
        74248462.1355337,
        79327833.79068089,
        82375456.78376919,
        86438954.10788693,
        91518325.7630341,
        96597697.41818127,
        100661194.74229902,
        105740566.39744619,
        109804063.72156394,
        115899309.70774055,
        121994555.69391716,
        130121550.34215264,
        137232670.65935868,
        148407288.3006825,
        152470785.6248002,
        152470785.6248002
      ],
      "calibration_down": [
        -152470785.6248002,
        -152470785.6248002,
        -146375539.6386236,
        -136216796.32832927,
        -127073927.34906434,
        -118946932.70082885,
        -111835812.3836228,
        -105740566.39744619,
        -100661194.74229902,
        -94565948.75612241,
        -89486577.10097523,
        -83391331.11479862,
        -79327833.79068089,
        -74248462.1355337,
        -68153216.1493571,
        -64089718.82523935,
        -57994472.83906274,
        -51899226.85288613,
        -46819855.19773896,
        -39708734.88053291,
        -31581740.232297435,
        -23454745.584061954,
        -23454745.584061954,
        -23454745.584061954,
        -23454745.584061954,
        -23454745.584061954,
        -23454745.584061954,
        -23454745.584061954,
        -23454745.584061954,
        0
      ],
      "calib_up_low": [
        22946808.418547235,
        22946808.418547235,
        22946808.418547235,
        22946808.418547235,
        24978557.080606107,
        31073803.066782717,
        37169049.05295932,
        43772232.204650655,
        48343666.69428311,
        52915101.18391557,
        57486535.67354803,
        62057970.163180485,
        66629404.65281294,
        69677027.64590125,
        74248462.1355337,
        78819896.62516616,
        81867519.61825447,
        86438954.10788693,
        91010388.59751938,
        96089760.25266656,
        100661194.74229902,
        105232629.23193148,
        109804063.72156394,
        115899309.70774055,
        121994555.69391716,
        129613613.17663792,
        137232670.65935868,
        147899351.13516775,
        152470785.6248002,
        152470785.6248002
      ],
      "calib_up_high": [
        152978722.7903149,
        23454745.584061954,
        23454745.584061954,
        23454745.584061954,
        25486494.246120825,
        31581740.232297435,
        37676986.218474045,
        44280169.37016537,
        48851603.85979783,
        53423038.349430285,
        57994472.83906274,
        62565907.3286952,
        67137341.81832767,
        70184964.81141597,
        74756399.30104843,
        79327833.79068089,
        82375456.78376919,
        86946891.27340165,
        91518325.7630341,
        96597697.41818127,
        101169131.90781373,
        105740566.39744619,
        110312000.88707864,
        116407246.87325525,
        122502492.85943188,
        130121550.34215264,
        137740607.8248734,
        148407288.3006825,
        152978722.7903149,
        152978722.7903149
      ],
      "calib_down_low": [
        -152978722.7903149,
        -152978722.7903149,
        -146883476.8041383,
        -136216796.32832927,
        -127073927.34906434,
        -119454869.86634356,
        -111835812.3836228,
        -105740566.39744619,
        -101169131.90781373,
        -94565948.75612241,
        -89994514.26648995,
        -83899268.28031334,
        -79327833.79068089,
        -74756399.30104843,
        -68661153.31487182,
        -64089718.82523935,
        -57994472.83906274,
        -51899226.85288613,
        -47327792.363253675,
        -39708734.88053291,
        -31581740.232297435,
        -23962682.749576673,
        -23454745.584061954,
        -23454745.584061954,
        -23454745.584061954,
        -23454745.584061954,
        -23454745.584061954,
        -23454745.584061954,
        -23454745.584061954,
        -152978722.7903149
      ],
      "calib_down_high": [
        -152470785.6248002,
        -152470785.6248002,
        -146375539.6386236,
        -135708859.16281453,
        -126565990.18354961,
        -118946932.70082885,
        -111327875.21810809,
        -105232629.23193148,
        -100661194.74229902,
        -94058011.59060769,
        -89486577.10097523,
        -83391331.11479862,
        -78819896.62516616,
        -74248462.1355337,
        -68153216.1493571,
        -63581781.65972464,
        -57486535.67354803,
        -51391289.68737142,
        -46819855.19773896,
        -39200797.7150182,
        -31073803.066782717,
        -23454745.584061954,
        -22946808.418547235,
        -22946808.418547235,
        -22946808.418547235,
        -22946808.418547235,
        -22946808.418547235,
        -22946808.418547235,
        -22946808.418547235,
        -22946808.418547235
      ],
      "last_error_up": [
        0,
        0,
        0,
        0,
        0,
        0,
        0,
        0,
        0,
        0,
        0,
        0,
        0,
        0,
        0,
        0,
        0,
        0,
        0,
        0,
        0,
        0,
        0,
        0,
        0,
        0,
        0,
        0,
        0,
        0
      ],
      "last_error_down": [
        0,
        0,
        0,
        0,
        0,
        0,
        0,
        0,
        0,
        0,
        0,
        0,
        0,
        0,
        0,
        0,
        0,
        0,
        0,
        0,
        0,
        0,
        0,
        0,
        0,
        0,
        0,
        0,
        0,
        0
      ],
      "relax_comp_up": [
        0,
        0.006658739595719382,
        0.012841854934601665,
        0.01854934601664685,
        0.023781212841854932,
        0.028537455410225926,
        0.03281807372175981,
        0.0366230677764566,
        0.03995243757431629,
        0.04280618311533889,
        0.04518430439952438,
        0.04708680142687277,
        0.048513674197384074,
        0.04946492271105827,
        0.04994054696789536,
        0.04994054696789536,
        0.04946492271105826,
        0.048513674197384074,
        0.04708680142687277,
        0.04518430439952438,
        0.04280618311533888,
        0.039952437574316296,
        0.0366230677764566,
        0.03281807372175981,
        0.028537455410225922,
        0.023781212841854946,
        0.01854934601664685,
        0.01284185493460167,
        0.006658739595719374,
        0
      ],
      "relax_comp_down": [
        0,
        0.006658739595719382,
        0.012841854934601665,
        0.01854934601664685,
        0.023781212841854932,
        0.028537455410225926,
        0.03281807372175981,
        0.0366230677764566,
        0.03995243757431629,
        0.04280618311533889,
        0.04518430439952438,
        0.04708680142687277,
        0.048513674197384074,
        0.04946492271105827,
        0.04994054696789536,
        0.04994054696789536,
        0.04946492271105826,
        0.048513674197384074,
        0.04708680142687277,
        0.04518430439952438,
        0.04280618311533888,
        0.039952437574316296,
        0.0366230677764566,
        0.03281807372175981,
        0.028537455410225922,
        0.023781212841854946,
        0.01854934601664685,
        0.01284185493460167,
        0.006658739595719374,
        0
      ]
    }
  },
  "saved_at": "2026-01-29T10:16:29-06:00"
}
