{
  "version": 2,
  "material_name": "FeCIM HZO",
  "num_levels": 30,
  "calibrations": {
    "300": {
      "temperature_k": 300,
      "calibration_up": [
        0,
        38842253.83347839,
        40372041.06138154,
        41901828.28928469,
        43431615.51718784,
        44961402.74509099,
        46491189.97299414,
        48020977.20089729,
        49550764.42880044,
        52586435.95917075,
        57367021.04636809,
        62147606.13356543,
        66928191.220762774,
        71708776.30796012,
        76489361.39515746,
        78019148.6230606,
        81269946.48235479,
        86050531.56955214,
        95611701.74394682,
        97141488.97184996,
        100392286.83114415,
        105172871.9183415,
        109953457.00553885,
        112343749.54913752,
        122758620.68965517,
        134191023.39762935,
        135720810.6255325,
        137250597.85343567,
        138780385.08133882,
        140310172.30924198
      ],
      "calibration_down": [
        -138081511.3658342,
        -136551724.13793105,
        -133103448.27586207,
        -129655172.4137931,
        -126206896.55172415,
        -122758620.68965517,
        -119310344.8275862,
        -115862068.96551725,
        -108576815.83511664,
        -107047028.6072135,
        -105517241.37931035,
        -81269946.48235479,
        -76489361.39515746,
        -71708776.30796012,
        -66928191.220762774,
        -62147606.13356543,
        -61382712.51961387,
        -59852925.29171072,
        -58323138.06380757,
        -56793350.83590442,
        -55263563.60800127,
        -53733776.38009812,
        -52203989.15219497,
        -50674201.92429182,
        -49144414.69638867,
        -47614627.46848552,
        -46084840.24058237,
        -44555053.01267922,
        -43025265.78477607,
        0
      ],
      "calib_up_low": [
        22946808.418547235,
        22946808.418547235,
        22946808.418547235,
        22946808.418547235,
        22946808.418547235,
        22946808.418547235,
        22946808.418547235,
        22946808.418547235,
        22946808.418547235,
        22946808.418547235,
        22946808.418547235,
        22946808.418547235,
        22946808.418547235,
        22946808.418547235,
        22946808.418547235,
        22946808.418547235,
        22946808.418547235,
        22946808.418547235,
        22946808.418547235,
        22946808.418547235,
        22946808.418547235,
        22946808.418547235,
        22946808.418547235,
        22946808.418547235,
        113873536.77704066,
        115403324.0049438,
        22946808.418547235,
        22946808.418547235,
        119992685.68865323,
        22946808.418547235
      ],
      "calib_up_high": [
        152978722.7903149,
        152978722.7903149,
        152978722.7903149,
        152978722.7903149,
        152978722.7903149,
        152978722.7903149,
        152978722.7903149,
        152978722.7903149,
        152978722.7903149,
        152978722.7903149,
        152978722.7903149,
        152978722.7903149,
        152978722.7903149,
        152978722.7903149,
        152978722.7903149,
        152978722.7903149,
        152978722.7903149,
        152978722.7903149,
        152978722.7903149,
        152978722.7903149,
        152978722.7903149,
        152978722.7903149,
        152978722.7903149,
        152978722.7903149,
        152978722.7903149,
        152978722.7903149,
        152978722.7903149,
        152978722.7903149,
        152978722.7903149,
        152978722.7903149
      ],
      "calib_down_low": [
        -152978722.7903149,
        -119992685.68865323,
        -118462898.46075009,
        -116933111.23284695,
        -115403324.0049438,
        -113873536.77704066,
        -112343749.54913752,
        -152978722.7903149,
        -152978722.7903149,
        -152978722.7903149,
        -86050531.56955214,
        -152978722.7903149,
        -152978722.7903149,
        -152978722.7903149,
        -152978722.7903149,
        -152978722.7903149,
        -152978722.7903149,
        -152978722.7903149,
        -152978722.7903149,
        -152978722.7903149,
        -152978722.7903149,
        -152978722.7903149,
        -152978722.7903149,
        -152978722.7903149,
        -152978722.7903149,
        -152978722.7903149,
        -152978722.7903149,
        -152978722.7903149,
        -152978722.7903149,
        -152978722.7903149
      ],
      "calib_down_high": [
        -22946808.418547235,
        -22946808.418547235,
        -22946808.418547235,
        -22946808.418547235,
        -22946808.418547235,
        -22946808.418547235,
        -22946808.418547235,
        -105172871.9183415,
        -22946808.418547235,
        -22946808.418547235,
        -22946808.418547235,
        -22946808.418547235,
        -22946808.418547235,
        -22946808.418547235,
        -22946808.418547235,
        -22946808.418547235,
        -22946808.418547235,
        -22946808.418547235,
        -22946808.418547235,
        -22946808.418547235,
        -22946808.418547235,
        -22946808.418547235,
        -22946808.418547235,
        -22946808.418547235,
        -22946808.418547235,
        -22946808.418547235,
        -22946808.418547235,
        -22946808.418547235,
        -22946808.418547235,
        -22946808.418547235
      ],
      "last_error_up": [
        0,
        0,
        0,
        0,
        0,
        0,
        0,
        0,
        0,
        0,
        0,
        0,
        0,
        0,
        0,
        0,
        0,
        0,
        -1,
        7,
        3,
        3,
        1,
        6,
        -1,
        -2,
        3,
        -2,
        -4,
        0
      ],
      "last_error_down": [
        4,
        4,
        6,
        5,
        5,
        3,
        3,
        -3,
        1,
        3,
        4,
        0,
        0,
        0,
        0,
        0,
        0,
        0,
        0,
        0,
        0,
        0,
        0,
        0,
        0,
        0,
        0,
        0,
        0,
        0
      ]
    }
  },
  "saved_at": "2026-01-28T19:14:00-06:00"
}