{
  "version": 2,
  "material_name": "HZO Standard (32 states)",
  "num_levels": 32,
  "calibrations": {
    "300": {
      "temperature_k": 300,
      "calibration_up": [
        0,
        23454745.584061954,
        23454745.584061954,
        23454745.584061954,
        23454745.584061954,
        29549991.570238564,
        35645237.55641517,
        40724609.21156235,
        45803980.86670952,
        49867478.190827265,
        54946849.84597444,
        59010347.17009218,
        64089718.82523935,
        67137341.81832767,
        71200839.1424454,
        74248462.1355337,
        79327833.79068089,
        82375456.78376919,
        86438954.10788693,
        89486577.10097523,
        94565948.75612241,
        99645320.41126958,
        103708817.73538733,
        108788189.39053449,
        112851686.71465224,
        117931058.3697994,
        124026304.35597603,
        131137424.67318207,
        139264419.32141757,
        151454911.2937708,
        152470785.6248002,
        152470785.6248002
      ],
      "calibration_down": [
        -152470785.6248002,
        -152470785.6248002,
        -148407288.3006825,
        -137232670.65935868,
        -128089801.68009377,
        -120978681.36288773,
        -114883435.3767111,
        -108788189.39053449,
        -103708817.73538733,
        -97613571.74921072,
        -92534200.09406354,
        -88470702.7699458,
        -82375456.78376919,
        -77296085.12862201,
        -73232587.80450428,
        -68153216.1493571,
        -64089718.82523935,
        -59010347.17009218,
        -52915101.18391557,
        -46819855.19773896,
        -42756357.87362122,
        -34629363.22538574,
        -26502368.57715026,
        -23454745.584061954,
        -23454745.584061954,
        -23454745.584061954,
        -23454745.584061954,
        -23454745.584061954,
        -23454745.584061954,
        -23454745.584061954,
        -23454745.584061954,
        0
      ],
      "calib_up_low": [
        22946808.418547235,
        22946808.418547235,
        22946808.418547235,
        22946808.418547235,
        22946808.418547235,
        29549991.570238564,
        35645237.55641517,
        40724609.21156235,
        45296043.70119481,
        49867478.190827265,
        54438912.68045972,
        59010347.17009218,
        63581781.65972464,
        66629404.65281294,
        71200839.1424454,
        74248462.1355337,
        78819896.62516616,
        81867519.61825447,
        86438954.10788693,
        89486577.10097523,
        94058011.59060769,
        99137383.24575487,
        103708817.73538733,
        108280252.22501978,
        112851686.71465224,
        117423121.2042847,
        123518367.19046131,
        131137424.67318207,
        138756482.15590283,
        150946974.12825605,
        152470785.6248002,
        152470785.6248002
      ],
      "calib_up_high": [
        152978722.7903149,
        23454745.584061954,
        23454745.584061954,
        23454745.584061954,
        23454745.584061954,
        30057928.735753283,
        36153174.72192989,
        41232546.377077065,
        45803980.86670952,
        50375415.35634198,
        54946849.84597444,
        59518284.335606895,
        64089718.82523935,
        67137341.81832767,
        71708776.30796012,
        74756399.30104843,
        79327833.79068089,
        82375456.78376919,
        86946891.27340165,
        89994514.26648995,
        94565948.75612241,
        99645320.41126958,
        104216754.90090203,
        108788189.39053449,
        113359623.88016695,
        117931058.3697994,
        124026304.35597603,
        131645361.8386968,
        139264419.32141757,
        151454911.2937708,
        152978722.7903149,
        152978722.7903149
      ],
      "calib_down_low": [
        -152978722.7903149,
        -152978722.7903149,
        -148407288.3006825,
        -137740607.8248734,
        -128597738.84560849,
        -120978681.36288773,
        -114883435.3767111,
        -108788189.39053449,
        -104216754.90090203,
        -98121508.91472542,
        -93042137.25957826,
        -88470702.7699458,
        -82375456.78376919,
        -77804022.29413673,
        -73232587.80450428,
        -68661153.31487182,
        -64089718.82523935,
        -59518284.335606895,
        -53423038.349430285,
        -47327792.363253675,
        -42756357.87362122,
        -34629363.22538574,
        -27010305.742664978,
        -23454745.584061954,
        -23454745.584061954,
        -23454745.584061954,
        -23454745.584061954,
        -23454745.584061954,
        -23454745.584061954,
        -23454745.584061954,
        -23454745.584061954,
        -152978722.7903149
      ],
      "calib_down_high": [
        -152470785.6248002,
        -152470785.6248002,
        -147899351.13516775,
        -137232670.65935868,
        -128089801.68009377,
        -120470744.197373,
        -114375498.2111964,
        -108280252.22501978,
        -103708817.73538733,
        -97613571.74921072,
        -92534200.09406354,
        -87962765.60443108,
        -81867519.61825447,
        -77296085.12862201,
        -72724650.63898955,
        -68153216.1493571,
        -63581781.65972464,
        -59010347.17009218,
        -52915101.18391557,
        -46819855.19773896,
        -42248420.7081065,
        -34121426.05987102,
        -26502368.57715026,
        -22946808.418547235,
        -22946808.418547235,
        -22946808.418547235,
        -22946808.418547235,
        -22946808.418547235,
        -22946808.418547235,
        -22946808.418547235,
        -22946808.418547235,
        -22946808.418547235
      ],
      "last_error_up": [
        0,
        0,
        0,
        0,
        0,
        0,
        0,
        0,
        0,
        0,
        0,
        0,
        0,
        0,
        0,
        0,
        0,
        0,
        0,
        0,
        0,
        0,
        0,
        0,
        0,
        0,
        0,
        0,
        0,
        0,
        0,
        0
      ],
      "last_error_down": [
        0,
        0,
        0,
        0,
        0,
        0,
        0,
        0,
        0,
        0,
        0,
        0,
        0,
        0,
        0,
        0,
        0,
        0,
        0,
        0,
        0,
        0,
        0,
        0,
        0,
        0,
        0,
        0,
        0,
        0,
        0,
        0
      ],
      "relax_comp_up": [
        0,
        0.0062434963579604584,
        0.012070759625390219,
        0.01748178980228928,
        0.022476586888657647,
        0.027055150884495317,
        0.031217481789802288,
        0.03496357960457857,
        0.038293444328824144,
        0.04120707596253903,
        0.043704474505723206,
        0.045785639958376693,
        0.047450572320499484,
        0.048699271592091566,
        0.049531737773152965,
        0.04994797086368367,
        0.04994797086368367,
        0.04953173777315297,
        0.04869927159209157,
        0.047450572320499484,
        0.045785639958376693,
        0.043704474505723206,
        0.041207075962539017,
        0.038293444328824144,
        0.03496357960457857,
        0.031217481789802295,
        0.027055150884495314,
        0.022476586888657647,
        0.017481789802289288,
        0.01207075962539023,
        0.006243496357960453,
        0
      ],