{
  "version": 2,
  "material_name": "HZO Standard (32 states)",
  "num_levels": 32,
  "calibrations": {
    "300": {
      "temperature_k": 300,
      "calibration_up": [
        0,
        23454745.584061954,
        24984532.811965104,
        26514320.039868254,
        28044107.267771404,
        31073803.066782717,
        35137300.390900455,
        39200797.7150182,
        47327792.363253675,
        51391289.68737142,
        55454787.01148915,
        59518284.335606895,
        63581781.65972464,
        67645278.98384237,
        71708776.30796012,
        75772273.63207786,
        79835770.9561956,
        83899268.28031334,
        87962765.60443108,
        92026262.92854881,
        96089760.25266656,
        100153257.5767843,
        104216754.90090203,
        108280252.22501978,
        112343749.54913752,
        120470744.197373,
        124534241.52149075,
        128597738.84560849,
        136724733.49384397,
        144851728.14207944,
        152470785.6248002,
        154000572.85270336
      ],
      "calibration_down": [
        -154000572.85270336,
        -152470785.6248002,
        -144851728.14207944,
        -136724733.49384397,
        -128597738.84560849,
        -124534241.52149075,
        -120470744.197373,
        -112343749.54913752,
        -108280252.22501978,
        -104216754.90090203,
        -100153257.5767843,
        -96089760.25266656,
        -92026262.92854881,
        -87962765.60443108,
        -83899268.28031334,
        -79835770.9561956,
        -75772273.63207786,
        -71708776.30796012,
        -67645278.98384237,
        -63581781.65972464,
        -59518284.335606895,
        -55454787.01148915,
        -47327792.363253675,
        -43264295.03913593,
        -39200797.7150182,
        -35137300.390900455,
        -31073803.066782717,
        -28044107.267771404,
        -26514320.039868254,
        -24984532.811965104,
        -23454745.584061954,
        0
      ],
      "calib_up_low": [
        22946808.418547235,
        22946808.418547235,
        22946808.418547235,
        22946808.418547235,
        22946808.418547235,
        22946808.418547235,
        31073803.066782717,
        22946808.418547235,
        39200797.7150182,
        47327792.363253675,
        22946808.418547235,
        55454787.01148915,
        55454787.01148915,
        63581781.65972464,
        55454787.01148915,
        71708776.30796012,
        71708776.30796012,
        79835770.9561956,
        22946808.418547235,
        87962765.60443108,
        87962765.60443108,
        96089760.25266656,
        87962765.60443108,
        104216754.90090203,
        104216754.90090203,
        87962765.60443108,
        120470744.197373,
        120470744.197373,
        120470744.197373,
        136724733.49384397,
        152470785.6248002,
        152470785.6248002
      ],
      "calib_up_high": [
        152978722.7903149,
        23454745.584061954,
        23454745.584061954,
        23454745.584061954,
        27010305.742664978,
        39200797.7150182,
        39200797.7150182,
        55454787.01148915,
        55454787.01148915,
        55454787.01148915,
        87962765.60443108,
        63581781.65972464,
        71708776.30796012,
        71708776.30796012,
        87962765.60443108,
        79835770.9561956,
        87962765.60443108,
        87962765.60443108,
        152978722.7903149,
        96089760.25266656,
        104216754.90090203,
        104216754.90090203,
        120470744.197373,
        112343749.54913752,
        120470744.197373,
        152978722.7903149,
        128597738.84560849,
        136724733.49384397,
        152978722.7903149,
        152978722.7903149,
        152978722.7903149,
        152978722.7903149
      ],
      "calib_down_low": [
        -152978722.7903149,
        -152978722.7903149,
        -152978722.7903149,
        -152978722.7903149,
        -136724733.49384397,
        -128597738.84560849,
        -152978722.7903149,
        -120470744.197373,
        -112343749.54913752,
        -120470744.197373,
        -104216754.90090203,
        -104216754.90090203,
        -96089760.25266656,
        -152978722.7903149,
        -87962765.60443108,
        -87962765.60443108,
        -79835770.9561956,
        -87962765.60443108,
        -71708776.30796012,
        -71708776.30796012,
        -63581781.65972464,
        -87962765.60443108,
        -55454787.01148915,
        -47327792.363253675,
        -55454787.01148915,
        -39200797.7150182,
        -39200797.7150182,
        -24978557.080606107,
        -23454745.584061954,
        -23454745.584061954,
        -23454745.584061954,
        -152978722.7903149
      ],
      "calib_down_high": [
        -152470785.6248002,
        -152470785.6248002,
        -136724733.49384397,
        -120470744.197373,
        -120470744.197373,
        -120470744.197373,
        -87962765.60443108,
        -104216754.90090203,
        -104216754.90090203,
        -87962765.60443108,
        -96089760.25266656,
        -87962765.60443108,
        -87962765.60443108,
        -22946808.418547235,
        -79835770.9561956,
        -71708776.30796012,
        -71708776.30796012,
        -55454787.01148915,
        -63581781.65972464,
        -55454787.01148915,
        -55454787.01148915,
        -22946808.418547235,
        -39200797.7150182,
        -39200797.7150182,
        -22946808.418547235,
        -31073803.066782717,
        -22946808.418547235,
        -22946808.418547235,
        -22946808.418547235,
        -22946808.418547235,
        -22946808.418547235,
        -22946808.418547235
      ],
      "last_error_up": [
        0,
        0,
        0,
        0,
        0,
        0,
        0,
        0,
        0,
        0,
        0,
        0,
        0,
        0,
        0,
        0,
        0,
        0,
        0,
        0,
        0,
        0,
        0,
        0,
        0,
        0,
        0,
        0,
        0,
        0,
        0,
        0
      ],
      "last_error_down": [
        0,
        0,
        0,
        0,
        0,
        0,
        0,
        0,
        0,
        0,
        0,
        0,
        0,
        0,
        0,
        0,
        0,
        0,
        0,
        0,
        0,
        0,
        0,
        0,
        0,
        0,
        0,
        0,
        0,
        0,
        0,
        0
      ],
      "relax_comp_up": [
        0,
        0.0062434963579604584,
        0.012070759625390219,
        0.01748178980228928,
        0.022476586888657647,
        0.027055150884495317,
        0.031217481789802288,
        0.03496357960457857,
        0.038293444328824144,
        0.04120707596253903,
        0.043704474505723206,
        0.045785639958376693,
        0.047450572320499484,
        0.048699271592091566,
        0.049531737773152965,
        0.04994797086368367,
        0.04994797086368367,
        0.04953173777315297,
        0.04869927159209157,
        0.047450572320499484,
        0.045785639958376693,
        0.043704474505723206,
        0.041207075962539017,
        0.038293444328824144,
        0.03496357960457857,
        0.031217481789802295,
        0.027055150884495314,
        0.022476586888657647,
        0.017481789802289288,
        0.01207075962539023,
        0.006243496357960453,
        0
      ],