{
  "version": 2,
  "material_name": "HZO (Si-doped)",
  "num_levels": 30,
  "calibrations": {
    "300": {
      "temperature_k": 300,
      "calibration_up": [
        0,
        51630318.941731274,
        57367021.046368085,
        63103723.151004896,
        68840425.2556417,
        70676169.92912547,
        72511914.60260925,
        74577127.36027852,
        76412872.03376229,
        80313829.46491532,
        82149574.1383991,
        83985318.81188287,
        86050531.56955212,
        87886276.2430359,
        91787233.67418894,
        93622978.34767272,
        95458723.02115649,
        97523935.77882574,
        99359680.45230952,
        142384946.23708558,
        144220690.91056937,
        146056435.58405316,
        147892180.25753695,
        149727924.93102074,
        151563669.60450453,
        153399414.2779883,
        155235158.9514721,
        157070903.6249559,
        158906648.29843968,
        160742392.97192347
      ],
      "calibration_down": [
        -161086595.09820163,
        -159250850.42471784,
        -157415105.75123405,
        -155579361.07775027,
        -153743616.40426648,
        -151907871.7307827,
        -150072127.0572989,
        -114734042.09273617,
        -105096382.55694632,
        -103260637.88346255,
        -101195425.1257933,
        -99359680.45230952,
        -97523935.77882574,
        -95458723.02115649,
        -93622978.34767272,
        -91787233.67418894,
        -87886276.2430359,
        -86050531.56955212,
        -83985318.81188287,
        -82149574.1383991,
        -80313829.46491532,
        -74577127.36027852,
        -72511914.60260925,
        -70676169.92912547,
        -68840425.2556417,
        -63103723.151004896,
        -57367021.046368085,
        -53466063.615215056,
        -51630318.941731274,
        0
      ],
      "calib_up_low": [
        27536170.10225668,
        27536170.10225668,
        27536170.10225668,
        27536170.10225668,
        27536170.10225668,
        27536170.10225668,
        27536170.10225668,
        27536170.10225668,
        27536170.10225668,
        27536170.10225668,
        27536170.10225668,
        27536170.10225668,
        27536170.10225668,
        27536170.10225668,
        27536170.10225668,
        27536170.10225668,
        27536170.10225668,
        27536170.10225668,
        27536170.10225668,
        101195425.1257933,
        65398403.99285962,
        27536170.10225668,
        27536170.10225668,
        27536170.10225668,
        72970850.7709802,
        27536170.10225668,
        27536170.10225668,
        27536170.10225668,
        27536170.10225668,
        27536170.10225668
      ],
      "calib_up_high": [
        183574467.34837788,
        183574467.34837788,
        183574467.34837788,
        183574467.34837788,
        183574467.34837788,
        183574467.34837788,
        183574467.34837788,
        183574467.34837788,
        183574467.34837788,
        183574467.34837788,
        183574467.34837788,
        183574467.34837788,
        183574467.34837788,
        183574467.34837788,
        183574467.34837788,
        183574467.34837788,
        183574467.34837788,
        183574467.34837788,
        183574467.34837788,
        183574467.34837788,
        103260637.88346255,
        183574467.34837788,
        114734042.09273617,
        116569786.76621994,
        118405531.43970372,
        183574467.34837788,
        183574467.34837788,
        183574467.34837788,
        183574467.34837788,
        183574467.34837788
      ],
      "calib_down_low": [
        -183574467.34837788,
        -183574467.34837788,
        -183574467.34837788,
        -183574467.34837788,
        -50769813.62603576,
        -183574467.34837788,
        -183574467.34837788,
        -183574467.34837788,
        -105096382.55694632,
        -183574467.34837788,
        -64365797.61402499,
        -183574467.34837788,
        -183574467.34837788,
        -183574467.34837788,
        -183574467.34837788,
        -183574467.34837788,
        -183574467.34837788,
        -183574467.34837788,
        -183574467.34837788,
        -183574467.34837788,
        -183574467.34837788,
        -183574467.34837788,
        -183574467.34837788,
        -183574467.34837788,
        -183574467.34837788,
        -183574467.34837788,
        -183574467.34837788,
        -183574467.34837788,
        -183574467.34837788,
        -183574467.34837788
      ],
      "calib_down_high": [
        -27536170.10225668,
        -27536170.10225668,
        -27536170.10225668,
        -27536170.10225668,
        -27536170.10225668,
        -27536170.10225668,
        -116569786.76621994,
        -27536170.10225668,
        -27536170.10225668,
        -27536170.10225668,
        -27536170.10225668,
        -27536170.10225668,
        -27536170.10225668,
        -27536170.10225668,
        -27536170.10225668,
        -27536170.10225668,
        -27536170.10225668,
        -27536170.10225668,
        -27536170.10225668,
        -27536170.10225668,
        -27536170.10225668,
        -27536170.10225668,
        -27536170.10225668,
        -27536170.10225668,
        -27536170.10225668,
        -27536170.10225668,
        -27536170.10225668,
        -27536170.10225668,
        -27536170.10225668,
        -27536170.10225668
      ],
      "last_error_up": [
        0,
        0,
        0,
        0,
        0,
        0,
        0,
        0,
        0,
        0,
        0,
        0,
        0,
        0,
        0,
        0,
        0,
        0,
        0,
        -1,
        -15,
        0,
        1,
        2,
        -17,
        0,
        0,
        0,
        0,
        0
      ],
      "last_error_down": [
        0,
        0,
        0,
        0,
        24,
        0,
        -1,
        0,
        1,
        0,
        15,
        0,
        0,
        0,
        0,
        0,
        0,
        0,
        0,
        0,
        0,
        0,
        0,
        0,
        0,
        0,
        0,
        0,
        0,
        0
      ]
    }
  },
  "saved_at": "2026-01-28T18:33:21-06:00"
}