{
  "version": 2,
  "material_name": "Literature Superlattice",
  "num_levels": 64,
  "calibrations": {
    "300": {
      "temperature_k": 300,
      "calibration_up": [
        0,
        19936533.74645266,
        19936533.74645266,
        19936533.74645266,
        19936533.74645266,
        19936533.74645266,
        19936533.74645266,
        19936533.74645266,
        19936533.74645266,
        21663520.1092027,
        24253999.65332776,
        26844479.197452817,
        29434958.741577875,
        32025438.285702933,
        34615917.829827994,
        36342904.19257803,
        38933383.7367031,
        39796876.91807811,
        42387356.462203175,
        44114342.82495321,
        46704822.36907826,
        47568315.55045329,
        49295301.91320333,
        51885781.45732838,
        52749274.638703406,
        54476261.001453444,
        57066740.545578495,
        57930233.72695352,
        59657220.08970356,
        60520713.27107859,
        63111192.81520365,
        64838179.17795369,
        65701672.3593287,
        67428658.72207874,
        70019138.26620379,
        70882631.44757882,
        72609617.81032887,
        73473110.99170387,
        76063590.53582895,
        77790576.89857897,
        78654070.079954,
        80381056.44270402,
        82971535.9868291,
        84698522.34957913,
        87289001.89370418,
        88152495.0750792,
        90742974.61920425,
        92469960.9819543,
        95060440.52607936,
        95923933.70745438,
        98514413.25157943,
        101104892.79570451,
        103695372.33982956,
        106285851.88395464,
        108876331.4280797,
        111466810.97220474,
        115784276.87907985,
        119238249.60457993,
        123555715.51145503,
        128736674.59970513,
        129600167.78108016,
        129600167.78108016,
        129600167.78108016,
        129600167.78108016
      ],
      "calibration_down": [
        -129600167.78108016,
        -129600167.78108016,
        -129600167.78108016,
        -129600167.78108016,
        -127009688.2369551,
        -121828729.14870498,
        -116647770.06045488,
        -113193797.3349548,
        -110603317.79082975,
        -106285851.88395464,
        -103695372.33982956,
        -101104892.79570451,
        -97650920.0702044,
        -95060440.52607936,
        -93333454.16332933,
        -90742974.61920425,
        -88152495.0750792,
        -85562015.53095415,
        -84698522.34957913,
        -82108042.80545408,
        -78654070.079954,
        -77790576.89857897,
        -75200097.35445392,
        -73473110.99170387,
        -70882631.44757882,
        -68292151.90345377,
        -67428658.72207874,
        -64838179.17795369,
        -63111192.81520365,
        -60520713.27107859,
        -59657220.08970356,
        -57066740.545578495,
        -55339754.182828456,
        -52749274.638703406,
        -50158795.09457834,
        -49295301.91320333,
        -46704822.36907826,
        -44114342.82495321,
        -42387356.462203175,
        -39796876.91807811,
        -37206397.37395306,
        -34615917.829827994,
        -32025438.285702933,
        -27707972.378827836,
        -25117492.83470278,
        -22527013.29057772,
        -19936533.74645266,
        -19936533.74645266,
        -19936533.74645266,
        -19936533.74645266,
        -19936533.74645266,
        -19936533.74645266,
        -19936533.74645266,
        -19936533.74645266,
        -19936533.74645266,
        -19936533.74645266,
        -19936533.74645266,
        -19936533.74645266,
        -19936533.74645266,
        -19936533.74645266,
        -19936533.74645266,
        -19936533.74645266,
        -19936533.74645266,
        0
      ],
      "calib_up_low": [
        19504787.15576515,
        19504787.15576515,
        19504787.15576515,
        19504787.15576515,
        19504787.15576515,
        19504787.15576515,
        19504787.15576515,
        19504787.15576515,
        19504787.15576515,
        21231773.518515192,
        23822253.06264025,
        26412732.606765307,
        29003212.150890365,
        31593691.695015423,
        34615917.829827994,
        35911157.60189053,
        38501637.146015584,
        39796876.91807811,
        42387356.462203175,
        43682596.2342657,
        46273075.77839076,
        47568315.55045329,
        48863555.322515815,
        51454034.86664087,
        52749274.638703406,
        54044514.41076593,
        56634993.95489099,
        57930233.72695352,
        59225473.49901605,
        60520713.27107859,
        63111192.81520365,
        64406432.58726618,
        65701672.3593287,
        66996912.131391235,
        69587391.67551629,
        70882631.44757882,
        72177871.21964136,
        73473110.99170387,
        76063590.53582895,
        77358830.30789146,
        78654070.079954,
        79949309.85201652,
        82971535.9868291,
        84266775.75889161,
        86857255.30301668,
        88152495.0750792,
        90742974.61920425,
        92038214.3912668,
        94628693.93539184,
        95923933.70745438,
        98514413.25157943,
        101104892.79570451,
        103695372.33982956,
        106285851.88395464,
        108876331.4280797,
        111466810.97220474,
        115352530.28839234,
        119238249.60457993,
        123123968.92076752,
        128304928.00901763,
        129600167.78108016,
        129600167.78108016,
        129600167.78108016,
        129600167.78108016
      ],
      "calib_up_high": [
        130031914.37176767,
        19936533.74645266,
        19936533.74645266,
        19936533.74645266,
        19936533.74645266,
        19936533.74645266,
        19936533.74645266,
        19936533.74645266,
        19936533.74645266,
        21663520.1092027,
        24253999.65332776,
        26844479.197452817,
        29434958.741577875,
        32025438.285702933,
        35047664.42051551,
        36342904.19257803,
        38933383.7367031,
        40228623.50876562,
        42819103.05289068,
        44114342.82495321,
        46704822.36907826,
        48000062.141140796,
        49295301.91320333,
        51885781.45732838,
        53181021.22939091,
        54476261.001453444,
        57066740.545578495,
        58361980.31764103,
        59657220.08970356,
        60952459.86176609,
        63542939.40589116,
        64838179.17795369,
        66133418.950016215,
        67428658.72207874,
        70019138.26620379,
        71314378.03826633,
        72609617.81032887,
        73904857.58239138,
        76495337.12651645,
        77790576.89857897,
        79085816.67064151,
        80381056.44270402,
        83403282.5775166,
        84698522.34957913,
        87289001.89370418,
        88584241.66576672,
        91174721.20989177,
        92469960.9819543,
        95060440.52607936,
        96355680.2981419,
        98946159.84226695,
        101536639.38639203,
        104127118.93051708,
        106717598.47464216,
        109308078.01876721,
        111898557.56289226,
        115784276.87907985,
        119669996.19526744,
        123555715.51145503,
        128736674.59970513,
        130031914.37176767,
        130031914.37176767,
        130031914.37176767,
        130031914.37176767
      ],