{
  "version": 4,
  "material_name": "Literature Superlattice",
  "num_levels": 30,
  "target_range_frac": 0.9,
  "calibrations": {
    "300": {
      "temperature_k": 300,
      "calibration_up": [
        0,
        27535278.60643792,
        27802154.168758012,
        28069029.731078107,
        28335905.2933982,
        28602780.855718292,
        28869656.418038387,
        29136531.98035848,
        30204034.229638856,
        31271536.47891923,
        33406540.977479983,
        34474043.22676036,
        35541545.476040736,
        37676549.974601485,
        38744052.223881856,
        39811554.473162234,
        41946558.97172299,
        44081563.47028374,
        45149065.71956411,
        46216567.96884449,
        48351572.46740524,
        50486576.965965986,
        51554079.215246364,
        52621581.46452674,
        54756585.96308749,
        59026594.960209,
        61161599.458769746,
        63296603.957330495,
        67566612.954452,
        71836621.95157349
      ],
      "calibration_down": [
        -71836621.95157349,
        -67566612.954452,
        -63296603.957330495,
        -59026594.960209,
        -56891590.46164824,
        -54756585.96308749,
        -52621581.46452674,
        -50486576.965965986,
        -48351572.46740524,
        -47284070.21812487,
        -46216567.96884449,
        -44081563.47028374,
        -41946558.97172299,
        -40879056.72244261,
        -39811554.473162234,
        -37676549.974601485,
        -36609047.725321114,
        -35541545.476040736,
        -33406540.977479983,
        -31271536.47891923,
        -30204034.229638856,
        -29136531.98035848,
        -28869656.418038387,
        -28602780.855718292,
        -28335905.2933982,
        -28069029.731078107,
        -27802154.168758012,
        -27535278.60643792,
        -27001527.481797732,
        0
      ],
      "calib_up_low": [
        12056495.991872475,
        12056495.991872475,
        12056495.991872475,
        12056495.991872475,
        12056495.991872475,
        12056495.991872475,
        12056495.991872475,
        12056495.991872475,
        12056495.991872475,
        12056495.991872475,
        12056495.991872475,
        12056495.991872475,
        12056495.991872475,
        12056495.991872475,
        12056495.991872475,
        12056495.991872475,
        12056495.991872475,
        12056495.991872475,
        12056495.991872475,
        12056495.991872475,
        12056495.991872475,
        12056495.991872475,
        12056495.991872475,
        12056495.991872475,
        12056495.991872475,
        12056495.991872475,
        12056495.991872475,
        12056495.991872475,
        12056495.991872475,
        12056495.991872475
      ],
      "calib_up_high": [
        80376639.9458165,
        80376639.9458165,
        80376639.9458165,
        80376639.9458165,
        80376639.9458165,
        80376639.9458165,
        80376639.9458165,
        80376639.9458165,
        80376639.9458165,
        80376639.9458165,
        80376639.9458165,
        80376639.9458165,
        80376639.9458165,
        80376639.9458165,
        80376639.9458165,
        80376639.9458165,
        80376639.9458165,
        80376639.9458165,
        80376639.9458165,
        80376639.9458165,
        80376639.9458165,
        80376639.9458165,
        80376639.9458165,
        80376639.9458165,
        80376639.9458165,
        80376639.9458165,
        80376639.9458165,
        80376639.9458165,
        80376639.9458165,
        80376639.9458165
      ],
      "calib_down_low": [
        -80376639.9458165,
        -80376639.9458165,
        -80376639.9458165,
        -80376639.9458165,
        -80376639.9458165,
        -80376639.9458165,
        -80376639.9458165,
        -80376639.9458165,
        -80376639.9458165,
        -80376639.9458165,
        -80376639.9458165,
        -80376639.9458165,
        -80376639.9458165,
        -80376639.9458165,
        -80376639.9458165,
        -80376639.9458165,
        -80376639.9458165,
        -80376639.9458165,
        -80376639.9458165,
        -80376639.9458165,
        -80376639.9458165,
        -80376639.9458165,
        -80376639.9458165,
        -80376639.9458165,
        -80376639.9458165,
        -80376639.9458165,
        -80376639.9458165,
        -80376639.9458165,
        -80376639.9458165,
        -80376639.9458165
      ],
      "calib_down_high": [
        -12056495.991872475,
        -12056495.991872475,
        -12056495.991872475,
        -12056495.991872475,
        -12056495.991872475,
        -12056495.991872475,
        -12056495.991872475,
        -12056495.991872475,
        -12056495.991872475,
        -12056495.991872475,
        -12056495.991872475,
        -12056495.991872475,
        -12056495.991872475,
        -12056495.991872475,
        -12056495.991872475,
        -12056495.991872475,
        -12056495.991872475,
        -12056495.991872475,
        -12056495.991872475,
        -12056495.991872475,
        -12056495.991872475,
        -12056495.991872475,
        -12056495.991872475,
        -12056495.991872475,
        -12056495.991872475,
        -12056495.991872475,
        -12056495.991872475,
        -12056495.991872475,
        -12056495.991872475,
        -12056495.991872475
      ],
      "last_error_up": [
        0,
        0,
        0,
        0,
        0,
        0,
        0,
        0,
        0,
        0,
        0,
        0,
        0,
        0,
        0,
        0,
        0,
        0,
        0,
        0,
        0,
        0,
        0,
        0,
        0,
        0,
        0,
        0,
        0,
        0
      ],
      "last_error_down": [
        0,
        0,
        0,
        0,
        0,
        0,
        0,
        0,
        0,
        0,
        0,
        0,
        0,
        0,
        0,
        0,
        0,
        0,
        0,
        0,
        0,
        0,
        0,
        0,
        0,
        0,
        0,
        0,
        0,
        0
      ],
      "relax_comp_up": [
        0,
        0,
        0,
        0,
        0,
        0,
        0,
        0,
        0,
        0,
        0,
        0,
        0,
        0,
        0,
        0,
        0,
        0,
        0,
        0,
        0,
        0,
        0,
        0,
        0,
        0,
        0,
        0,
        0,
        0
      ],
      "relax_comp_down": [
        0,
        0,
        0,
        0,
        0,
        0,
        0,
        0,
        0,
        0,
        0,
        0,
        0,
        0,
        0,
        0,
        0,
        0,
        0,
        0,
        0,
        0,
        0,
        0,
        0,
        0,
        0,
        0,
        0,
        0
      ]
    }
  },
  "saved_at": "2026-02-17T14:59:54-06:00"
}