{
  "version": 4,
  "material_name": "Literature Superlattice",
  "num_levels": 30,
  "target_range_frac": 0.9,
  "calibrations": {
    "300": {
      "temperature_k": 300,
      "calibration_up": [
        0,
        27535278.60643792,
        27802154.168758012,
        28069029.731078107,
        28335905.2933982,
        28602780.855718292,
        28869656.418038387,
        29136531.98035848,
        30204034.229638856,
        31271536.47891923,
        33406540.977479983,
        34474043.22676036,
        35541545.476040736,
        37676549.974601485,
        38744052.223881856,
        79900000,
        81600000,
        88400000,
        91800000,
        95200000,
        96900000,
        98600000,
        102000000,
        108800000,
        112200000,
        117300000,
        122400000,
        127500000,
        137700000,
        139400000
      ],
      "calibration_down": [
        -139400000,
        -137700000,
        -127500000,
        -121550000,
        -115600000,
        -110500000,
        -105400000,
        -103700000,
        -100300000,
        -96900000,
        -95200000,
        -91800000,
        -88400000,
        -41076549.974601485,
        -39376549.974601485,
        -37676549.974601485,
        -36609047.725321114,
        -35541545.476040736,
        -33406540.977479983,
        -31271536.47891923,
        -30204034.229638856,
        -29136531.98035848,
        -28869656.418038387,
        -28602780.855718292,
        -28335905.2933982,
        -28069029.731078107,
        -27802154.168758012,
        -27535278.60643792,
        -27001527.481797732,
        0
      ],
      "calib_up_low": [
        12056495.991872475,
        12056495.991872475,
        12056495.991872475,
        12056495.991872475,
        12056495.991872475,
        12056495.991872475,
        12056495.991872475,
        12056495.991872475,
        12056495.991872475,
        12056495.991872475,
        12056495.991872475,
        12056495.991872475,
        12056495.991872475,
        12056495.991872475,
        12056495.991872475,
        12056495.991872475,
        12056495.991872475,
        12056495.991872475,
        12056495.991872475,
        12056495.991872475,
        12056495.991872475,
        12056495.991872475,
        12056495.991872475,
        12056495.991872475,
        12056495.991872475,
        12056495.991872475,
        12056495.991872475,
        12056495.991872475,
        12056495.991872475,
        12056495.991872475
      ],
      "calib_up_high": [
        80376639.9458165,
        80376639.9458165,
        80376639.9458165,
        80376639.9458165,
        80376639.9458165,
        80376639.9458165,
        80376639.9458165,
        80376639.9458165,
        80376639.9458165,
        80376639.9458165,
        80376639.9458165,
        80376639.9458165,
        80376639.9458165,
        80376639.9458165,
        80376639.9458165,
        80376639.9458165,
        80376639.9458165,
        80376639.9458165,
        80376639.9458165,
        80376639.9458165,
        80376639.9458165,
        80376639.9458165,
        80376639.9458165,
        80376639.9458165,
        80376639.9458165,
        80376639.9458165,
        80376639.9458165,
        80376639.9458165,
        80376639.9458165,
        80376639.9458165
      ],
      "calib_down_low": [
        -80376639.9458165,
        -80376639.9458165,
        -80376639.9458165,
        -80376639.9458165,
        -80376639.9458165,
        -80376639.9458165,
        -80376639.9458165,
        -80376639.9458165,
        -80376639.9458165,
        -80376639.9458165,
        -80376639.9458165,
        -80376639.9458165,
        -80376639.9458165,
        -80376639.9458165,
        -80376639.9458165,
        -80376639.9458165,
        -80376639.9458165,
        -80376639.9458165,
        -80376639.9458165,
        -80376639.9458165,
        -80376639.9458165,
        -80376639.9458165,
        -80376639.9458165,
        -80376639.9458165,
        -80376639.9458165,
        -80376639.9458165,
        -80376639.9458165,
        -80376639.9458165,
        -80376639.9458165,
        -80376639.9458165
      ],
      "calib_down_high": [
        -12056495.991872475,
        -12056495.991872475,
        -12056495.991872475,
        -12056495.991872475,
        -12056495.991872475,
        -12056495.991872475,
        -12056495.991872475,
        -12056495.991872475,
        -12056495.991872475,
        -12056495.991872475,
        -12056495.991872475,
        -12056495.991872475,
        -12056495.991872475,
        -12056495.991872475,
        -12056495.991872475,
        -12056495.991872475,
        -12056495.991872475,
        -12056495.991872475,
        -12056495.991872475,
        -12056495.991872475,
        -12056495.991872475,
        -12056495.991872475,
        -12056495.991872475,
        -12056495.991872475,
        -12056495.991872475,
        -12056495.991872475,
        -12056495.991872475,
        -12056495.991872475,
        -12056495.991872475,
        -12056495.991872475
      ],
      "last_error_up": [
        0,
        0,
        0,
        0,
        0,
        0,
        0,
        0,
        0,
        0,
        0,
        0,
        0,
        0,
        0,
        0,
        0,
        0,
        0,
        0,
        0,
        0,
        0,
        0,
        0,
        0,
        0,
        0,
        0,
        0
      ],
      "last_error_down": [
        0,
        0,
        0,
        0,
        0,
        0,
        0,
        0,
        0,
        0,
        0,
        0,
        0,
        0,
        0,
        0,
        0,
        0,
        0,
        0,
        0,
        0,
        0,
        0,
        0,
        0,
        0,
        0,
        0,
        0
      ],
      "relax_comp_up": [
        0,
        0,
        0,
        0,
        0,
        0,
        0,
        0,
        0,
        0,
        0,
        0,
        0,
        0,
        0,
        0,
        0,
        0,
        0,
        0,
        0,
        0,
        0,
        0,
        0,
        0,
        0,
        0,
        0,
        0
      ],
      "relax_comp_down": [
        0,
        0,
        0,
        0,
        0,
        0,
        0,
        0,
        0,
        0,
        0,
        0,
        0,
        0,
        0,
        0,
        0,
        0,
        0,
        0,
        0,
        0,
        0,
        0,
        0,
        0,
        0,
        0,
        0,
        0
      ]
    }
  },
  "saved_at": "2026-02-18T17:22:34-06:00"
}