{
  "version": 2,
  "material_name": "Literature Superlattice",
  "num_levels": 64,
  "calibrations": {
    "300": {
      "temperature_k": 300,
      "calibration_up": [
        0,
        19720660.451108903,
        21020979.59482658,
        22321298.738544255,
        23621617.882261932,
        24921937.02597961,
        26222256.169697285,
        27522575.31341496,
        28822894.457132638,
        30123213.600850314,
        31423532.74456799,
        32723851.888285667,
        34024171.03200334,
        35324490.17572102,
        36624809.319438696,
        37925128.46315637,
        40228623.50876562,
        41528942.6524833,
        42829261.796200976,
        43682596.2342657,
        47136568.95976578,
        48436888.10348345,
        49737207.24720113,
        54044514.41076593,
        55344833.55448361,
        56645152.698201284,
        57498487.13626601,
        58798806.279983684,
        60952459.86176609,
        62252779.00548377,
        63553098.149201445,
        67860405.31276625,
        69160724.45648393,
        70461043.6002016,
        71314378.03826633,
        72614697.181984,
        74768350.76376641,
        76068669.90748408,
        77368989.05120176,
        78222323.48926648,
        79522642.63298416,
        81676296.21476656,
        82976615.35848424,
        84276934.50220191,
        88584241.66576672,
        89884560.80948439,
        91184879.95320207,
        92038214.3912668,
        95492187.11676687,
        96792506.26048455,
        102400132.56776704,
        103700451.71148472,
        105000770.85520239,
        105854105.29326713,
        109308078.01876721,
        116216023.46976736,
        117516342.61348504,
        119669996.19526744,
        123123968.92076752,
        126577941.6462676,
        127878260.78998527,
        129178579.93370295,
        130478899.07742062,
        131779218.2211383
      ],
      "calibration_down": [
        -131779218.2211383,
        -130478899.07742062,
        -129178579.93370295,
        -127878260.78998527,
        -126577941.6462676,
        -123123968.92076752,
        -119669996.19526744,
        -117516342.61348504,
        -116216023.46976736,
        -109308078.01876721,
        -105854105.29326713,
        -105000770.85520239,
        -103700451.71148472,
        -102400132.56776704,
        -96792506.26048455,
        -95492187.11676687,
        -92038214.3912668,
        -91184879.95320207,
        -89884560.80948439,
        -88584241.66576672,
        -84276934.50220191,
        -82976615.35848424,
        -81676296.21476656,
        -79522642.63298416,
        -78222323.48926648,
        -77368989.05120176,
        -76068669.90748408,
        -74768350.76376641,
        -72614697.181984,
        -71314378.03826633,
        -70461043.6002016,
        -69160724.45648393,
        -67860405.31276625,
        -63553098.149201445,
        -62252779.00548377,
        -60952459.86176609,
        -58798806.279983684,
        -57498487.13626601,
        -55344833.55448361,
        -54044514.41076593,
        -49737207.24720113,
        -48436888.10348345,
        -47136568.95976578,
        -44982915.37798338,
        -43682596.2342657,
        -41528942.6524833,
        -40228623.50876562,
        -39225447.60687405,
        -37925128.46315637,
        -36624809.319438696,
        -35324490.17572102,
        -34024171.03200334,
        -32723851.888285667,
        -31423532.74456799,
        -30123213.600850314,
        -28822894.457132638,
        -27522575.31341496,
        -26222256.169697285,
        -24921937.02597961,
        -23621617.882261932,
        -22321298.738544255,
        -21020979.59482658,
        -19720660.451108903,
        0
      ],
      "calib_up_low": [
        19504787.15576515,
        19504787.15576515,
        19504787.15576515,
        19504787.15576515,
        19504787.15576515,
        19504787.15576515,
        19504787.15576515,
        19504787.15576515,
        19504787.15576515,
        19504787.15576515,
        19504787.15576515,
        19504787.15576515,
        19504787.15576515,
        19504787.15576515,
        19504787.15576515,
        19504787.15576515,
        19504787.15576515,
        19504787.15576515,
        19504787.15576515,
        19504787.15576515,
        19504787.15576515,
        19504787.15576515,
        19504787.15576515,
        19504787.15576515,
        19504787.15576515,
        19504787.15576515,
        19504787.15576515,
        19504787.15576515,
        19504787.15576515,
        19504787.15576515,
        19504787.15576515,
        19504787.15576515,
        19504787.15576515,
        19504787.15576515,
        19504787.15576515,
        19504787.15576515,
        19504787.15576515,
        19504787.15576515,
        19504787.15576515,
        19504787.15576515,
        19504787.15576515,
        19504787.15576515,
        19504787.15576515,
        19504787.15576515,
        19504787.15576515,
        19504787.15576515,
        19504787.15576515,
        19504787.15576515,
        19504787.15576515,
        19504787.15576515,
        19504787.15576515,
        19504787.15576515,
        19504787.15576515,
        19504787.15576515,
        19504787.15576515,
        19504787.15576515,
        19504787.15576515,
        19504787.15576515,
        19504787.15576515,
        19504787.15576515,
        19504787.15576515,
        19504787.15576515,
        19504787.15576515,
        19504787.15576515
      ],
      "calib_up_high": [
        130031914.37176767,
        130031914.37176767,
        130031914.37176767,
        130031914.37176767,
        130031914.37176767,
        130031914.37176767,
        130031914.37176767,
        130031914.37176767,
        130031914.37176767,
        130031914.37176767,
        130031914.37176767,
        130031914.37176767,
        130031914.37176767,
        130031914.37176767,
        130031914.37176767,
        130031914.37176767,
        130031914.37176767,
        130031914.37176767,
        130031914.37176767,
        130031914.37176767,
        130031914.37176767,
        130031914.37176767,
        130031914.37176767,
        130031914.37176767,
        130031914.37176767,
        130031914.37176767,
        130031914.37176767,
        130031914.37176767,
        130031914.37176767,
        130031914.37176767,
        130031914.37176767,
        130031914.37176767,
        130031914.37176767,
        130031914.37176767,
        130031914.37176767,
        130031914.37176767,
        130031914.37176767,
        130031914.37176767,
        130031914.37176767,
        130031914.37176767,
        130031914.37176767,
        130031914.37176767,
        130031914.37176767,
        130031914.37176767,
        130031914.37176767,
        130031914.37176767,
        130031914.37176767,
        130031914.37176767,
        130031914.37176767,
        130031914.37176767,
        130031914.37176767,
        130031914.37176767,
        130031914.37176767,
        130031914.37176767,
        130031914.37176767,
        130031914.37176767,
        130031914.37176767,
        130031914.37176767,
        130031914.37176767,
        130031914.37176767,
        130031914.37176767,
        130031914.37176767,
        130031914.37176767,
        130031914.37176767
      ],