{
  "version": 2,
  "material_name": "Literature Superlattice",
  "num_levels": 64,
  "calibrations": {
    "300": {
      "temperature_k": 300,
      "calibration_up": [
        -25639594.687233746,
        -23939594.687233746,
        -22239594.687233746,
        -20539594.687233746,
        -18839594.687233746,
        -17139594.687233746,
        -15439594.687233746,
        -13739594.687233746,
        -12039594.687233746,
        -10339594.687233746,
        -8639594.687233746,
        -6939594.687233746,
        -5239594.687233746,
        -3539594.687233746,
        -1839594.687233746,
        -139594.68723374605,
        1560405.312766254,
        3260405.312766254,
        4960405.312766254,
        6660405.312766254,
        8360405.312766254,
        10060405.312766254,
        11760405.312766254,
        13460405.312766254,
        15160405.312766254,
        16860405.312766254,
        18560405.312766254,
        20260405.312766254,
        21960405.312766254,
        23660405.312766254,
        25360405.312766254,
        27060405.312766254,
        28760405.312766254,
        30460405.312766254,
        32160405.312766254,
        33860405.312766254,
        35560405.312766254,
        37260405.312766254,
        38960405.312766254,
        40660405.312766254,
        42360405.312766254,
        44060405.312766254,
        45760405.312766254,
        47460405.312766254,
        49160405.312766254,
        50860405.312766254,
        52560405.312766254,
        54260405.312766254,
        55960405.312766254,
        57660405.312766254,
        59360405.312766254,
        61060405.312766254,
        62760405.312766254,
        64460405.312766254,
        66160405.312766254,
        95664885.7530419,
        117516342.61348504,
        119669996.19526744,
        123123968.92076752,
        126577941.6462676,
        127878260.78998527,
        129178579.93370295,
        130478899.07742062,
        131779218.2211383
      ],
      "calibration_down": [
        -131779218.2211383,
        -130478899.07742062,
        -129178579.93370295,
        -127878260.78998527,
        -126577941.6462676,
        -123123968.92076752,
        -119669996.19526744,
        -117516342.61348504,
        -95664885.7530419,
        -66160405.312766254,
        -64460405.312766254,
        -62760405.312766254,
        -61060405.312766254,
        -59360405.312766254,
        -57660405.312766254,
        -55960405.312766254,
        -54260405.312766254,
        -52560405.312766254,
        -50860405.312766254,
        -49160405.312766254,
        -47460405.312766254,
        -45760405.312766254,
        -44060405.312766254,
        -42360405.312766254,
        -40660405.312766254,
        -38960405.312766254,
        -37260405.312766254,
        -35560405.312766254,
        -33860405.312766254,
        -32160405.312766254,
        -30460405.312766254,
        -28760405.312766254,
        -27060405.312766254,
        -25360405.312766254,
        -23660405.312766254,
        -21960405.312766254,
        -20260405.312766254,
        -18560405.312766254,
        -16860405.312766254,
        -15160405.312766254,
        -13460405.312766254,
        -11760405.312766254,
        -10060405.312766254,
        -8360405.312766254,
        -6660405.312766254,
        -4960405.312766254,
        -3260405.312766254,
        -1560405.312766254,
        139594.68723374605,
        1839594.687233746,
        3539594.687233746,
        5239594.687233746,
        6939594.687233746,
        8639594.687233746,
        10339594.687233746,
        12039594.687233746,
        13739594.687233746,
        15439594.687233746,
        17139594.687233746,
        18839594.687233746,
        20539594.687233746,
        22239594.687233746,
        23939594.687233746,
        25639594.687233746
      ],
      "calib_up_low": [
        19504787.15576515,
        19504787.15576515,
        19504787.15576515,
        19504787.15576515,
        19504787.15576515,
        19504787.15576515,
        19504787.15576515,
        19504787.15576515,
        19504787.15576515,
        19504787.15576515,
        19504787.15576515,
        19504787.15576515,
        19504787.15576515,
        19504787.15576515,
        19504787.15576515,
        19504787.15576515,
        19504787.15576515,
        19504787.15576515,
        19504787.15576515,
        19504787.15576515,
        19504787.15576515,
        19504787.15576515,
        19504787.15576515,
        19504787.15576515,
        19504787.15576515,
        19504787.15576515,
        19504787.15576515,
        19504787.15576515,
        19504787.15576515,
        19504787.15576515,
        19504787.15576515,
        19504787.15576515,
        19504787.15576515,
        19504787.15576515,
        19504787.15576515,
        19504787.15576515,
        19504787.15576515,
        19504787.15576515,
        19504787.15576515,
        19504787.15576515,
        19504787.15576515,
        19504787.15576515,
        19504787.15576515,
        19504787.15576515,
        19504787.15576515,
        19504787.15576515,
        19504787.15576515,
        19504787.15576515,
        19504787.15576515,
        19504787.15576515,
        67169610.76766624,
        19504787.15576515,
        19504787.15576515,
        19504787.15576515,
        19504787.15576515,
        75113748.03631642,
        19504787.15576515,
        19504787.15576515,
        19504787.15576515,
        19504787.15576515,
        19504787.15576515,
        19504787.15576515,
        19504787.15576515,
        19504787.15576515
      ],
      "calib_up_high": [
        130031914.37176767,
        130031914.37176767,
        130031914.37176767,
        130031914.37176767,
        130031914.37176767,
        130031914.37176767,
        130031914.37176767,
        130031914.37176767,
        130031914.37176767,
        130031914.37176767,
        130031914.37176767,
        130031914.37176767,
        130031914.37176767,
        130031914.37176767,
        130031914.37176767,
        130031914.37176767,
        130031914.37176767,
        130031914.37176767,
        130031914.37176767,
        130031914.37176767,
        130031914.37176767,
        130031914.37176767,
        130031914.37176767,
        130031914.37176767,
        130031914.37176767,
        130031914.37176767,
        130031914.37176767,
        130031914.37176767,
        130031914.37176767,
        130031914.37176767,
        130031914.37176767,
        130031914.37176767,
        130031914.37176767,
        130031914.37176767,
        130031914.37176767,
        130031914.37176767,
        130031914.37176767,
        130031914.37176767,
        130031914.37176767,
        130031914.37176767,
        130031914.37176767,
        130031914.37176767,
        130031914.37176767,
        130031914.37176767,
        130031914.37176767,
        130031914.37176767,
        130031914.37176767,
        130031914.37176767,
        130031914.37176767,
        130031914.37176767,
        102400132.56776704,
        130031914.37176767,
        130031914.37176767,
        130031914.37176767,
        130031914.37176767,
        116216023.46976736,
        130031914.37176767,
        130031914.37176767,
        130031914.37176767,
        130031914.37176767,
        130031914.37176767,
        130031914.37176767,
        130031914.37176767,
        130031914.37176767
      ],