{
  "timestamp": "2026-01-26T13:46:29.292976638-06:00",
  "array_size": [
    48,
    48
  ],
  "total_macs": 2304,
  "levels": 30,
  "noise_level": 0.02,
  "adc_bits": 6,
  "accuracy_loss": 0.19992158234466287,
  "rmse": 0.005997647470339886,
  "max_ir_drop": 0.07946756359721419,
  "avg_ir_drop": 0.030478835522987937,
  "max_sneak_ratio": 1.3398778998779,
  "avg_sneak_ratio": 0.17051624472887608,
  "total_energy_pj": 38.44096,
  "gpu_equivalent_energy_pj": 40960,
  "energy_efficiency": 1065.5301012253597,
  "total_reads": 0,
  "total_writes": 2304
}