{
  "timestamp": "2026-01-30T12:20:27.425718304-06:00",
  "array_size": [
    64,
    64
  ],
  "total_macs": 4096,
  "levels": 30,
  "noise_level": 0.02,
  "adc_bits": 6,
  "accuracy_loss": 0.7968871484473246,
  "rmse": 0.02390661445341974,
  "max_ir_drop": 0.4325278996073265,
  "avg_ir_drop": 0.16637917988880252,
  "max_sneak_ratio": 0.6744186046511628,
  "avg_sneak_ratio": 0.23802739795818337,
  "total_energy_pj": 38.44096,
  "gpu_equivalent_energy_pj": 40960,
  "energy_efficiency": 1065.5301012253597,
  "total_reads": 13120,
  "total_writes": 155648
}