{
  "timestamp": "2026-01-24T09:29:13.708711685-06:00",
  "array_size": [
    64,
    64
  ],
  "total_macs": 4096,
  "levels": 30,
  "noise_level": 0.02,
  "adc_bits": 6,
  "accuracy_loss": 0.17960579742733318,
  "rmse": 0.005388173922819995,
  "max_ir_drop": 0.0782495563888167,
  "avg_ir_drop": 0.024444765217617598,
  "max_sneak_ratio": 1.4824474466642323,
  "avg_sneak_ratio": 0.18231257880673332,
  "total_energy_pj": 38.44096,
  "gpu_equivalent_energy_pj": 40960,
  "energy_efficiency": 1065.5301012253597,
  "total_reads": 320,
  "total_writes": 8192
}