{
  "config": {
    "name": "fecim_array",
    "mode": 2,
    "array_rows": 8,
    "array_cols": 8,
    "technology": "SKY130",
    "architecture": "passive",
    "cell_pitch": 0.46,
    "row_height": 2.72,
    "levels": 30,
    "g_min": 10,
    "g_max": 100,
    "v_prog_min": 2,
    "v_prog_max": 5,
    "t_pulse": 50,
    "peripherals": {
      "dac_bits": 8,
      "adc_bits": 8,
      "tia_gain": 10000,
      "vdd": 1.8,
      "clock_freq": 100
    },
    "compute_config": {
      "initial_weights": [
        [
          0.1,
          -0.2,
          0.3,
          -0.4,
          0.5,
          -0.6,
          0.7,
          -0.8
        ],
        [
          -0.1,
          0.2,
          -0.3,
          0.4,
          -0.5,
          0.6,
          -0.7,
          0.8
        ],
        [
          0.15,
          -0.25,
          0.35,
          -0.45,
          0.55,
          -0.65,
          0.75,
          -0.85
        ],
        [
          -0.15,
          0.25,
          -0.35,
          0.45,
          -0.55,
          0.65,
          -0.75,
          0.85
        ],
        [
          0.05,
          -0.15,
          0.25,
          -0.35,
          0.45,
          -0.55,
          0.65,
          -0.75
        ],
        [
          -0.05,
          0.15,
          -0.25,
          0.35,
          -0.45,
          0.55,
          -0.65,
          0.75
        ],
        [
          0.2,
          -0.3,
          0.4,
          -0.5,
          0.6,
          -0.7,
          0.8,
          -0.9
        ],
        [
          -0.2,
          0.3,
          -0.4,
          0.5,
          -0.6,
          0.7,
          -0.8,
          0.9
        ]
      ],
      "quant_levels": 30,
      "accumulator_bits": 16,
      "activation_func": "none"
    }
  },
  "cells": [
    {
      "row": 0,
      "col": 0,
      "level": 16,
      "conductance": 59.6551724137931,
      "resistance": 16763.005780346823,
      "program_v": 3.655172413793103,
      "initial_weight": 0.1
    },
    {
      "row": 0,
      "col": 1,
      "level": 11,
      "conductance": 44.137931034482754,
      "resistance": 22656.250000000004,
      "program_v": 3.1379310344827585,
      "initial_weight": -0.2
    },
    {
      "row": 0,
      "col": 2,
      "level": 19,
      "conductance": 68.9655172413793,
      "resistance": 14500.000000000002,
      "program_v": 3.9655172413793105,
      "initial_weight": 0.3
    },
    {
      "row": 0,
      "col": 3,
      "level": 8,
      "conductance": 34.827586206896555,
      "resistance": 28712.87128712871,
      "program_v": 2.8275862068965516,
      "initial_weight": -0.4
    },
    {
      "row": 0,
      "col": 4,
      "level": 23,
      "conductance": 81.37931034482759,
      "resistance": 12288.135593220339,
      "program_v": 4.379310344827586,
      "initial_weight": 0.5
    },
    {
      "row": 0,
      "col": 5,
      "level": 5,
      "conductance": 25.517241379310345,
      "resistance": 39189.18918918919,
      "program_v": 2.5172413793103448,
      "initial_weight": -0.6
    },
    {
      "row": 0,
      "col": 6,
      "level": 26,
      "conductance": 90.6896551724138,
      "resistance": 11026.61596958175,
      "program_v": 4.689655172413794,
      "initial_weight": 0.7
    },
    {
      "row": 0,
      "col": 7,
      "level": 2,
      "conductance": 16.20689655172414,
      "resistance": 61702.127659574464,
      "program_v": 2.206896551724138,
      "initial_weight": -0.8
    },
    {
      "row": 1,
      "col": 0,
      "level": 13,
      "conductance": 50.3448275862069,
      "resistance": 19863.013698630137,
      "program_v": 3.344827586206897,
      "initial_weight": -0.1
    },
    {
      "row": 1,
      "col": 1,
      "level": 18,
      "conductance": 65.86206896551724,
      "resistance": 15183.24607329843,
      "program_v": 3.8620689655172415,
      "initial_weight": 0.2
    },
    {
      "row": 1,
      "col": 2,
      "level": 10,
      "conductance": 41.03448275862069,
      "resistance": 24369.74789915966,
      "program_v": 3.0344827586206895,
      "initial_weight": -0.3
    },
    {
      "row": 1,
      "col": 3,
      "level": 21,
      "conductance": 75.17241379310344,
      "resistance": 13302.752293577982,
      "program_v": 4.172413793103448,
      "initial_weight": 0.4
    },
    {
      "row": 1,
      "col": 4,
      "level": 6,
      "conductance": 28.620689655172413,
      "resistance": 34939.75903614458,
      "program_v": 2.6206896551724137,
      "initial_weight": -0.5
    },
    {
      "row": 1,
      "col": 5,
      "level": 24,
      "conductance": 84.48275862068965,
      "resistance": 11836.734693877552,
      "program_v": 4.482758620689655,
      "initial_weight": 0.6
    },
    {
      "row": 1,
      "col": 6,
      "level": 3,
      "conductance": 19.310344827586206,
      "resistance": 51785.71428571429,
      "program_v": 2.310344827586207,
      "initial_weight": -0.7
    },
    {
      "row": 1,
      "col": 7,
      "level": 27,
      "conductance": 93.79310344827586,
      "resistance": 10661.764705882353,
      "program_v": 4.793103448275862,
      "initial_weight": 0.8
    },
    {
      "row": 2,
      "col": 0,
      "level": 17,
      "conductance": 62.75862068965517,
      "resistance": 15934.065934065935,
      "program_v": 3.758620689655172,
      "initial_weight": 0.15
    },
    {
      "row": 2,
      "col": 1,
      "level": 10,
      "conductance": 41.03448275862069,
      "resistance": 24369.74789915966,
      "program_v": 3.0344827586206895,
      "initial_weight": -0.25
    },
    {
      "row": 2,
      "col": 2,
      "level": 20,
      "conductance": 72.06896551724138,
      "resistance": 13875.598086124402,
      "program_v": 4.068965517241379,
      "initial_weight": 0.35
    },
    {
      "row": 2,
      "col": 3,
      "level": 7,
      "conductance": 31.724137931034484,
      "resistance": 31521.73913043478,
      "program_v": 2.7241379310344827,
      "initial_weight": -0.45
    },
    {
      "row": 2,
      "col": 4,
      "level": 23,
      "conductance": 81.37931034482759,
      "resistance": 12288.135593220339,
      "program_v": 4.379310344827586,
      "initial_weight": 0.55
    },
    {
      "row": 2,
      "col": 5,
      "level": 4,
      "conductance": 22.413793103448278,
      "resistance": 44615.38461538461,
      "program_v": 2.413793103448276,
      "initial_weight": -0.65
    },
    {
      "row": 2,
      "col": 6,
      "level": 27,
      "conductance": 93.79310344827586,
      "resistance": 10661.764705882353,
      "program_v": 4.793103448275862,
      "initial_weight": 0.75
    },
    {
      "row": 2,
      "col": 7,
      "level": 1,
      "conductance": 13.10344827586207,
      "resistance": 76315.78947368421,
      "program_v": 2.103448275862069,
      "initial_weight": -0.85
    },
    {
      "row": 3,
      "col": 0,
      "level": 12,
      "conductance": 47.241379310344826,
      "resistance": 21167.883211678833,
      "program_v": 3.2413793103448274,
      "initial_weight": -0.15
    },
    {
      "row": 3,
      "col": 1,
      "level": 19,
      "conductance": 68.9655172413793,
      "resistance": 14500.000000000002,
      "program_v": 3.9655172413793105,
      "initial_weight": 0.25
    },
    {
      "row": 3,
      "col": 2,
      "level": 9,
      "conductance": 37.93103448275862,
      "resistance": 26363.636363636364,
      "program_v": 2.931034482758621,
      "initial_weight": -0.35
    },
    {
      "row": 3,
      "col": 3,
      "level": 22,
      "conductance": 78.27586206896551,
      "resistance": 12775.330396475772,
      "program_v": 4.275862068965517,
      "initial_weight": 0.45
    },
    {
      "row": 3,
      "col": 4,
      "level": 6,
      "conductance": 28.620689655172413,
      "resistance": 34939.75903614458,
      "program_v": 2.6206896551724137,
      "initial_weight": -0.55
    },
    {
      "row": 3,
      "col": 5,
      "level": 25,