{
  "version": 2,
  "material_name": "AlScN (8-16 states)",
  "num_levels": 30,
  "calibrations": {
    "300": {
      "temperature_k": 300,
      "calibration_up": [
        0,
        239029254.35986707,
        286835105.2318405,
        286835105.2318405,
        286835105.2318405,
        310738030.6678272,
        310738030.6678272,
        334640956.1038139,
        334640956.1038139,
        334640956.1038139,
        334640956.1038139,
        382446806.9757873,
        382446806.9757873,
        382446806.9757873,
        382446806.9757873,
        382446806.9757873,
        406349732.411774,
        406349732.411774,
        406349732.411774,
        421471991.4717968,
        430252658.09753287,
        421471889.19105947,
        430252657.8477607,
        452691144.35714495,
        452692138.32188547,
        478058508.7197341,
        483911871.35291576,
        501961434.1557208,
        525864359.59170747,
        573670210.4636809
      ],
      "calibration_down": [
        -573670210.4636809,
        -525864359.59170747,
        -501961434.1557208,
        -250000000,
        -478058508.7197341,
        -956117013.8776547,
        -250000000,
        -430252657.8477607,
        -956117017.3782494,
        -956115011.4261335,
        -250000000,
        -406349732.411774,
        -406349732.411774,
        -406349732.411774,
        -382446806.9757873,
        -382446806.9757873,
        -382446806.9757873,
        -382446806.9757873,
        -382446806.9757873,
        -334640956.1038139,
        -334640956.1038139,
        -334640956.1038139,
        -334640956.1038139,
        -310738030.6678272,
        -310738030.6678272,
        -286835105.2318405,
        -286835105.2318405,
        -286835105.2318405,
        -239029254.35986707,
        0
      ],
      "calib_up_low": [
        191223403.48789364,
        191223403.48789364,
        191223403.48789364,
        191223403.48789364,
        191223403.48789364,
        191223403.48789364,
        191223403.48789364,
        191223403.48789364,
        191223403.48789364,
        191223403.48789364,
        191223403.48789364,
        191223403.48789364,
        191223403.48789364,
        191223403.48789364,
        191223403.48789364,
        191223403.48789364,
        191223403.48789364,
        191223403.48789364,
        191223403.48789364,
        421471991.1756814,
        430252657.8477607,
        421469083.01543534,
        191223403.48789364,
        452690672.07778746,
        452692137.9654957,
        191223403.48789364,
        483911747.55105007,
        191223403.48789364,
        191223403.48789364,
        191223403.48789364
      ],
      "calib_up_high": [
        956117017.4394681,
        956117017.4394681,
        956117017.4394681,
        956117017.4394681,
        956117017.4394681,
        956117017.4394681,
        956117017.4394681,
        956117017.4394681,
        956117017.4394681,
        956117017.4394681,
        956117017.4394681,
        956117017.4394681,
        956117017.4394681,
        956117017.4394681,
        956117017.4394681,
        956117017.4394681,
        956117017.4394681,
        956117017.4394681,
        956117017.4394681,
        421471991.5240525,
        430252658.347305,
        421474695.3666836,
        956117017.4394681,
        452693820.60683775,
        452692140.34142756,
        956117017.4394681,
        483912572.89682186,
        956117017.4394681,
        956117017.4394681,
        956117017.4394681
      ],
      "calib_down_low": [
        -956117017.4394681,
        -956117017.4394681,
        -956117017.4394681,
        -250000000,
        -956117017.4394681,
        -956117017.4394681,
        -250000000,
        -956117017.4394681,
        -956117017.4394681,
        -956117017.4394681,
        -250000000,
        -956117017.4394681,
        -956117017.4394681,
        -956117017.4394681,
        -956117017.4394681,
        -956117017.4394681,
        -956117017.4394681,
        -956117017.4394681,
        -956117017.4394681,
        -956117017.4394681,
        -956117017.4394681,
        -956117017.4394681,
        -956117017.4394681,
        -956117017.4394681,
        -956117017.4394681,
        -956117017.4394681,
        -956117017.4394681,
        -956117017.4394681,
        -956117017.4394681,
        -956117017.4394681
      ],
      "calib_down_high": [
        -191223403.48789364,
        -191223403.48789364,
        -191223403.48789364,
        -191223403.48789364,
        -191223403.48789364,
        -956117010.3158412,
        -191223403.48789364,
        -191223403.48789364,
        -956117017.3170308,
        -956113005.4127989,
        -191223403.48789364,
        -191223403.48789364,
        -191223403.48789364,
        -191223403.48789364,
        -191223403.48789364,
        -191223403.48789364,
        -191223403.48789364,
        -191223403.48789364,
        -191223403.48789364,
        -191223403.48789364,
        -191223403.48789364,
        -191223403.48789364,
        -191223403.48789364,
        -191223403.48789364,
        -191223403.48789364,
        -191223403.48789364,
        -191223403.48789364,
        -191223403.48789364,
        -191223403.48789364,
        -191223403.48789364
      ],
      "last_error_up": [
        0,
        0,
        0,
        0,
        0,
        0,
        0,
        0,
        0,
        0,
        0,
        0,
        0,
        0,
        0,
        0,
        0,
        0,
        0,
        3,
        2,
        1,
        0,
        -1,
        -2,
        0,
        -1,
        0,
        0,
        0
      ],
      "last_error_down": [
        0,
        0,
        0,
        25,
        0,
        -5,
        22,
        0,
        -8,
        -9,
        18,
        0,
        0,
        0,
        0,
        0,
        0,
        0,
        0,
        0,
        0,
        0,
        0,
        0,
        0,
        0,
        0,
        0,
        0,
        0
      ]
    }
  },
  "saved_at": "2026-01-27T15:42:41-06:00"
}