{
  "version": 2,
  "material_name": "HZO (Si-doped)",
  "num_levels": 30,
  "calibrations": {
    "300": {
      "temperature_k": 300,
      "calibration_up": [
        0,
        57367021.046368085,
        68840425.2556417,
        68840425.2556417,
        68840425.2556417,
        74577127.36027852,
        74577127.36027852,
        80313829.46491532,
        80313829.46491532,
        80313829.46491532,
        80313829.46491532,
        91787233.67418894,
        91787233.67418894,
        91787233.67418894,
        91787233.67418894,
        91787233.67418894,
        97523935.77882576,
        97523935.77882576,
        97523935.77882576,
        97523935.77882576,
        78879653.93875612,
        74577127.36027852,
        103260637.88346256,
        103260637.88346256,
        80313829.46491534,
        114734042.09273618,
        172101063.13910428,
        120470744.197373,
        126207446.3020098,
        137680850.51128343
      ],
      "calibration_down": [
        -137680850.51128343,
        -126207446.3020098,
        -120470744.197373,
        -114734042.09273618,
        -114734042.09273618,
        -172101063.13910428,
        -74577127.36027852,
        -103260637.88346256,
        -166364361.03446746,
        -197916222.6099699,
        -97523935.77882576,
        -97523935.77882576,
        -97523935.77882576,
        -97523935.77882576,
        -91787233.67418894,
        -91787233.67418894,
        -91787233.67418894,
        -91787233.67418894,
        -91787233.67418894,
        -80313829.46491532,
        -80313829.46491532,
        -80313829.46491532,
        -80313829.46491532,
        -74577127.36027852,
        -74577127.36027852,
        -68840425.2556417,
        -68840425.2556417,
        -68840425.2556417,
        -57367021.046368085,
        0
      ],
      "calib_up_low": [
        45893616.83709447,
        45893616.83709447,
        45893616.83709447,
        45893616.83709447,
        45893616.83709447,
        45893616.83709447,
        45893616.83709447,
        45893616.83709447,
        45893616.83709447,
        45893616.83709447,
        45893616.83709447,
        45893616.83709447,
        45893616.83709447,
        45893616.83709447,
        45893616.83709447,
        45893616.83709447,
        45893616.83709447,
        45893616.83709447,
        45893616.83709447,
        45893616.83709447,
        74577127.36027852,
        45893616.83709447,
        45893616.83709447,
        45893616.83709447,
        45893616.83709447,
        45893616.83709447,
        114734042.09273618,
        45893616.83709447,
        45893616.83709447,
        45893616.83709447
      ],
      "calib_up_high": [
        229468084.18547237,
        229468084.18547237,
        229468084.18547237,
        229468084.18547237,
        229468084.18547237,
        229468084.18547237,
        229468084.18547237,
        229468084.18547237,
        229468084.18547237,
        229468084.18547237,
        229468084.18547237,
        229468084.18547237,
        229468084.18547237,
        229468084.18547237,
        229468084.18547237,
        229468084.18547237,
        229468084.18547237,
        229468084.18547237,
        229468084.18547237,
        229468084.18547237,
        103260637.88346256,
        103260637.88346256,
        229468084.18547237,
        229468084.18547237,
        114734042.09273618,
        229468084.18547237,
        229468084.18547237,
        229468084.18547237,
        229468084.18547237,
        229468084.18547237
      ],
      "calib_down_low": [
        -229468084.18547237,
        -229468084.18547237,
        -229468084.18547237,
        -229468084.18547237,
        -229468084.18547237,
        -229468084.18547237,
        -103260637.88346256,
        -229468084.18547237,
        -229468084.18547237,
        -229468084.18547237,
        -229468084.18547237,
        -229468084.18547237,
        -229468084.18547237,
        -229468084.18547237,
        -229468084.18547237,
        -229468084.18547237,
        -229468084.18547237,
        -229468084.18547237,
        -229468084.18547237,
        -229468084.18547237,
        -229468084.18547237,
        -229468084.18547237,
        -229468084.18547237,
        -229468084.18547237,
        -229468084.18547237,
        -229468084.18547237,
        -229468084.18547237,
        -229468084.18547237,
        -229468084.18547237,
        -229468084.18547237
      ],
      "calib_down_high": [
        -45893616.83709447,
        -45893616.83709447,
        -45893616.83709447,
        -45893616.83709447,
        -45893616.83709447,
        -114734042.09273618,
        -45893616.83709447,
        -45893616.83709447,
        -103260637.88346256,
        -166364361.03446746,
        -45893616.83709447,
        -45893616.83709447,
        -45893616.83709447,
        -45893616.83709447,
        -45893616.83709447,
        -45893616.83709447,
        -45893616.83709447,
        -45893616.83709447,
        -45893616.83709447,
        -45893616.83709447,
        -45893616.83709447,
        -45893616.83709447,
        -45893616.83709447,
        -45893616.83709447,
        -45893616.83709447,
        -45893616.83709447,
        -45893616.83709447,
        -45893616.83709447,
        -45893616.83709447,
        -45893616.83709447
      ],
      "last_error_up": [
        0,
        0,
        0,
        0,
        0,
        0,
        0,
        0,
        0,
        0,
        0,
        0,
        0,
        0,
        0,
        0,
        0,
        0,
        0,
        0,
        -15,
        1,
        0,
        0,
        1,
        0,
        -1,
        0,
        0,
        0
      ],
      "last_error_down": [
        0,
        0,
        0,
        0,
        0,
        -1,
        1,
        0,
        -1,
        -9,
        0,
        0,
        0,
        0,
        0,
        0,
        0,
        0,
        0,
        0,
        0,
        0,
        0,
        0,
        0,
        0,
        0,
        0,
        0,
        0
      ]
    }
  },
  "saved_at": "2026-01-27T14:21:53-06:00"
}